state,raw_name,norm_name
CA,01Advertising Inc.,01advertising
CA,33 Mile Radius LLC,33 mile radius
CA,"33Across, Inc.",33across
CA,"5x5 US, LLC",5x5 us
CA,"6sense Insights, Inc.",6sense insights
CA,"Accudata Integrated Marketing, LLC",accudata integrated marketing
CA,Accurate Append Inc.,accurate append
CA,"ACH, Address Clearing House",ach address clearing house
CA,Acronymix LLC,acronymix
CA,Acxiom LLC,acxiom
CA,"AdeptID, Inc.",adeptid
CA,adsquare GmbH,adsquare
CA,Adstra LLC,adstra
CA,"AdsWizz, Inc.",adswizz
CA,Affinity Answers Corporation,affinity answers
CA,Affinity Solutions Inc.,affinity solutions
CA,AggKnowledge Inc.,aggknowledge
CA,"Agile Education Marketing, LLC",agile education marketing
CA,AGR Marketing Solutions LLC,agr marketing solutions
CA,"Aidentified, Inc.",aidentified
CA,Airlines Reporting Corporation,airlines reporting
CA,Alliant Cooperative Data Solutions LLC,alliant cooperative data solutions
CA,Alphonso Inc.,alphonso
CA,"Altair Data Resources, Inc",altair data resources
CA,"Altrata, Inc.",altrata
CA,AnalyticsIQ Inc,analyticsiq
CA,Anchor Computer Inc.,anchor computer
CA,"App Science, Inc",app science
CA,"Aristotle International, Inc.",aristotle international
CA,ASL Marketing,asl marketing
CA,"Asset International, Inc.",asset international
CA,"AtData, LLC",atdata
CA,Attribits,attribits
CA,"Austin Consolidated Holdings, Inc.",austin consolidated holdings
CA,"Autodata Solutions, Inc.",autodata solutions
CA,"AutoWeb, Inc.",autoweb
CA,"AWL Holdings, LLC",awl holdings
CA,Azerion US Inc.,azerion us
CA,"Babel Street, Inc.",babel street
CA,"Baron App, Inc.",baron app
CA,"BDEX, LLC",bdex
CA,"BDO GCI, LLC",bdo gci
CA,"BECAUSAL, INC.",becausal
CA,"BeenVerified, LLC and its subsidiaries and affiliates",beenverified and its subsidiaries and affiliates
CA,Beeswax,beeswax
CA,"Belardi Ostroy, ALC, LLC",belardi ostroy alc
CA,"Best Pick Reports, LLC",best pick reports
CA,Biscred,biscred
CA,Black Pearl Group Limited,black pearl group
CA,"Blackbaud, Inc",blackbaud
CA,Blis Global Ltd,blis global
CA,Blue Action Inc.,blue action
CA,Blueprint Audiences,blueprint audiences
CA,"Bombora, Inc.",bombora
CA,"Bridg, a division of Cardlytics, Inc.",bridg a division of cardlytics
CA,"Brooks Integrated Marketing, LLC",brooks integrated marketing
CA,"Buildertrend Solutions, Inc.",buildertrend solutions
CA,Bushwick Growbots LLC,bushwick growbots
CA,"Buxton Company, LLC",buxton company
CA,Buyerlink Inc.,buyerlink
CA,BV Insights LLC,insights
CA,Cadent LLC,cadent
CA,Captify Technologies,captify technologies
CA,Catalist LLC,catalist
CA,"CHECKPEOPLE, LLC",checkpeople
CA,Choreograph LLC,choreograph
CA,"Circana, LLC",circana
CA,"Civis Analytics, Inc.",civis analytics
CA,"Clay Labs, Inc.",clay labs
CA,"Clearview AI, Inc.",clearview ai
CA,"Coast Technology, LLC",coast technology
CA,"Collective Data Solutions, LLC",collective data solutions
CA,"Commerce Signals, Inc.",commerce signals
CA,"Complete Medical Lists, Inc.",complete medical lists
CA,Connatix Native Exchange Inc.,connatix native exchange
CA,"Connected Investors, LLC",connected investors
CA,ContactOut Limited,contactout
CA,Converge Marketing LLC,converge marketing
CA,Convex Labs LLC,convex labs
CA,"CoStar Realty Information, Inc.",costar realty information
CA,Crisil Irvena US LLC,crisil irvena us
CA,Criteo Corp.,criteo
CA,"Cross Pixel Media, Inc.",cross pixel media
CA,CTAM LeadShare Corp.,ctam leadshare
CA,"Cuebiq Group, LLC",cuebiq group
CA,Cybba Inc.,cybba
CA,"DataDelivers, LLC",datadelivers
CA,"Datafy, LLC",datafy
CA,"Dataline, Inc.",dataline
CA,"Datalink Services, Inc",datalink services
CA,Datonics LLC,datonics
CA,"DealerSocket, LLC (US)",dealersocket us
CA,DealerX Partners LLC,dealerx partners
CA,Dealfront Finland Oy,dealfront finland oy
CA,Dealfront Group GmbH,dealfront group
CA,"Deep Root Analytics, LLC",deep root analytics
CA,Deloitte Consulting LLP,deloitte consulting
CA,Deloitte Financial Advisory Services LLP,deloitte financial advisory services
CA,"Demandbase, Inc.",demandbase
CA,"Digital Media Solutions, LLC",digital media solutions
CA,Disco Technology Inc,disco technology
CA,"DR Decision Resources, LLC",dr decision resources
CA,"Draup, Inc.",draup
CA,"Drivers History Information Sales, LLC",drivers history information sales
CA,"DSPolitical, LLC",dspolitical
CA,"Dstillery, Inc.",dstillery
CA,"DTN, LLC",dtn
CA,"e.Republic, LLC",e republic
CA,"EAB Global, Inc.",eab global
CA,"Edvisors Network, Inc.",edvisors network
CA,"El Toro.com, LLC",el toro com
CA,"Electronic Voice Services, Inc.",electronic voice services
CA,"eLocal USA, LLC",elocal usa
CA,"Enigma Technologies, Inc.",enigma technologies
CA,"Epsilon Data Management, LLC",epsilon data management
CA,Equifax Information Services LLC,equifax information services
CA,Equifax Workforce Solutions LLC,equifax workforce solutions
CA,Evorra Ltd,evorra
CA,Exact Match Marketing Inc,exact match marketing
CA,"Experian Information Solutions, Inc",experian information solutions
CA,"Experian Marketing Solutions, LLC",experian marketing solutions
CA,Eyeota Pte Ltd,eyeota pte
CA,"Family Tree Now, LLC",family tree now
CA,Famous Birthdays LLC,famous birthdays
CA,"Faraday, Inc.",faraday
CA,"Fetch Rewards, LLC",fetch rewards
CA,FI Navigator Corporation,fi navigator
CA,"Fideo Intelligence, Inc.",fideo intelligence
CA,"Findem, Inc.",findem
CA,"Forager.ai, LLC",forager ai
CA,Four Corner Media Corp,four corner media
CA,Fourleaf LLC,fourleaf
CA,"Foursquare Labs, Inc.",foursquare labs
CA,Fraiser LLC,fraiser
CA,"FREEPEOPLESEARCH.COM, LLC",freepeoplesearch com
CA,FreeWheel Media Inc,freewheel media
CA,"Fushia Media, LLC",fushia media
CA,General Motors LLC,general motors
CA,"Giant Partners, Inc.",giant partners
CA,Global Source Data Solutions Inc,global source data solutions
CA,Grassroots Analytics,grassroots analytics
CA,GrayHair Software LLC,grayhair software
CA,Graze Social PBC,graze social pbc
CA,"Growing Libraries, LLC",growing libraries
CA,"GrowthCode, LLC",growthcode
CA,"H1 Insights, Inc.",h1 insights
CA,"Health Union, LLC",health union
CA,HealthWise Data,healthwise data
CA,Helix Campaigns LLC,helix campaigns
CA,"HubSpot, Inc.",hubspot
CA,"Hunter Web Services, Inc",hunter web services
CA,"i360, LLC",i360
CA,IDMAP Inc,idmap
CA,"iLeads.com, LLC",ileads com
CA,Index Exchange Inc.,index exchange
CA,Infomatics LLC,infomatics
CA,Informa Group Limited,informa group
CA,"INFORMATION.COM, LLC",information com
CA,"Inmar Brand Solutions, Inc.",inmar brand solutions
CA,"Inmar-OIQ, LLC",inmar oiq
CA,"Innovative Database Solutions, Inc.",innovative database solutions
CA,Insightbridge LLC,insightbridge
CA,Institutional Shareholder Services Inc.,institutional shareholder services
CA,Intent IQ LLC,intent iq
CA,"Intentsify, LLC",intentsify
CA,"Interactive Data, LLC",interactive data
CA,iovation Inc.,iovation
CA,IQVIA Digital Inc.,iqvia digital
CA,"Irys, Inc",irys
CA,"iSpot.tv, Inc.",ispot tv
CA,IXI Corporation,ixi
CA,J.D. Power,j d power
CA,"Juicebox App, Inc.",juicebox app
CA,Kargo Global LLC,kargo global
CA,Keyword Connects LLC,keyword connects
CA,"Kloudend, Inc.",kloudend
CA,"Koddi, Inc",koddi
CA,L.S Mobile Apps Holdings LTD,l s mobile apps holdings
CA,"LeadIQ, Inc",leadiq
CA,LeadPost LLC,leadpost
CA,Leadspace Inc,leadspace
CA,"LearnMore, LLC",learnmore
CA,"Leidos Digital Solutions, Inc.",leidos digital solutions
CA,LexisNexis Risk Solutions FL Inc.,lexisnexis risk solutions fl
CA,ListKit LLC,listkit
CA,"Live Data Technologies, Inc.",live data technologies
CA,LiveIntent,liveintent
CA,"LiveRamp Holdings, Inc.",liveramp holdings
CA,"LizDev,Inc",lizdev
CA,"Lob.com, Inc.",lob com
CA,Lookify.io,lookify io
CA,"M1 Data & Analytics, LLC",m1 data analytics
CA,Magnite Inc,magnite
CA,Malvern Media Inc.,malvern media
CA,"Marketing Architects, Inc.",marketing architects
CA,MarketOps LLC,marketops
CA,"MarketShare Partners, LLC",marketshare partners
CA,"Marriott International, Inc.",marriott international
CA,"Matchbook Data, LLC",matchbook data
CA,"Media.net Advertising FZ, LLC",media net advertising fz
CA,MediaWallah Inc,mediawallah
CA,"Meltwater News US, Inc.",meltwater news us
CA,Merkle Inc.,merkle
CA,Message Digital LLC,message digital
CA,"MH Sub I, LLC",mh sub i
CA,Moody's Corporation,moody s
CA,"Narvar, Inc",narvar
CA,"National Opinion Institute, LLC",national opinion institute
CA,Neptune Ops LLC,neptune ops
CA,"Neustar Information Services, Inc.",neustar information services
CA,"NEUSTAR IP INTELLIGENCE, INC.",neustar ip intelligence
CA,New Mexico Data Insights,new mexico data insights
CA,Nexxen Inc,nexxen
CA,Nordic Data Resources AS,nordic data resources as
CA,NumLookup LLC.,numlookup
CA,Nuwber Inc,nuwber
CA,Ogury Ltd,ogury
CA,ONAUDIENCE LTD,onaudience
CA,"OpenX Technologies, Inc.",openx technologies
CA,"Outlogic, LLC",outlogic
CA,"PaeDae, Inc.",paedae
CA,People Data Labs,people data labs
CA,"Peoplewhiz, Inc",peoplewhiz
CA,"Pipl, Inc.",pipl
CA,PitchBook Data Inc,pitchbook data
CA,"Place Exchange, Inc.",place exchange
CA,"PMG Worldwide, LLC",pmg worldwide
CA,"PossibleNOW, Inc.",possiblenow
CA,"Postie, Inc",postie
CA,"PostPilot, Inc.",postpilot
CA,Preqin Ltd,preqin
CA,Private Records LLC,private records
CA,"PropertyRadar, Inc.",propertyradar
CA,ProspectBase UK Limited,prospectbase uk
CA,"PublicRecordCom, LLC",publicrecordcom
CA,Quadrant Global Pte. Ltd.,quadrant global pte
CA,Rainbarrel USA LLC,rainbarrel usa
CA,REAL INTENT INC,real intent
CA,Realeflow LLC,realeflow
CA,"RealSource, Inc",realsource
CA,RecruitBot,recruitbot
CA,Redi-Data Inc,redi data
CA,"RelPro, Inc.",relpro
CA,"Remodeling.com, LLC",remodeling com
CA,Resonate,resonate
CA,"Response America, Inc.",response america
CA,"RevContent, LLC",revcontent
CA,"Reveal Mobile, Inc.",reveal mobile
CA,"Revelio Labs, Inc.",revelio labs
CA,"RevOptimal, LLC",revoptimal
CA,Rich Media LLC,rich media
CA,Ripple Effect Strategies,ripple effect strategies
CA,RocketReach LLC,rocketreach
CA,Roq.ad Inc.,roq ad
CA,"Round Sky, Inc.",round sky
CA,"SalesIntel Research, Inc.",salesintel research
CA,Salutary Data LLC.,salutary data
CA,"Samba TV, Inc.",samba tv
CA,"SBFE, LLC",sbfe
CA,SEMANTIQ INC,semantiq
CA,"Semcasting, Inc.",semcasting
CA,"Share Local Media, Inc.",share local media
CA,Sharethrough,sharethrough
CA,Similarweb Ltd.,similarweb
CA,"Simio Cloud, LLC",simio cloud
CA,Site Impact LLC,site impact
CA,Skydeo Inc.,skydeo
CA,Snovio Inc,snovio
CA,Source Path Digital,source path digital
CA,"Sovrn, Inc.",sovrn
CA,"Sports Innovation Lab, inc.",sports innovation lab
CA,SpyCloud Inc.,spycloud
CA,Statara Solutions LLC,statara solutions
CA,"Steppingblocks, Inc.",steppingblocks
CA,Sterling Data Company LLC,sterling data company
CA,"Strategic Data Intelligence, LLC",strategic data intelligence
CA,"Subgraph, Inc",subgraph
CA,"Swarm Holdings, Inc.",swarm holdings
CA,Swoop.com Inc,swoop com
CA,"Taboola, Inc.",taboola
CA,Tapad,tapad
CA,TargetSmart Communications LLC,targetsmart communications
CA,Tauxbe Data Inc.,tauxbe data
CA,Teads Holding Co,teads holding
CA,Teads Inc,teads
CA,Telesign Corporation,telesign
CA,"The Data Group, LLC",the data group
CA,THE LINEA 1 MKT SL,the linea 1 mkt sl
CA,The People Searchers LLC,the people searchers
CA,"T-Mobile USA, Inc.",t mobile usa
CA,"Traackr, Inc.",traackr
CA,TransUnion Digital LLC,transunion digital
CA,"TransUnion Interactive, Inc.",transunion interactive
CA,"TransUnion Risk and Alternative Data Solutions, Inc.",transunion risk and alternative data solutions
CA,"Trestle Solutions, Inc.",trestle solutions
CA,True Blue Analytics LLC,true blue analytics
CA,"TRUSTID, Inc.",trustid
CA,Truth Now LLC,truth now
CA,"Truthed, Inc",truthed
CA,"TSG Holdco, LLC",tsg holdco
CA,"Tunnl, LLC",tunnl
CA,"UNMASK, LLC",unmask
CA,Uplead LLC,uplead
CA,UPS Capital Corporation,ups capital
CA,US Data Corporation,us data
CA,"USPeopleSearch.com, LLC",uspeoplesearch com
CA,Veeva Systems Inc.,veeva systems
CA,VentiveIQ LLC,ventiveiq
CA,"Veraset, LLC",veraset
CA,"Vi Technologies, Inc.",vi technologies
CA,"VideoAmp, Inc.",videoamp
CA,VisitIQ LLC,visitiq
CA,Vistar Media Inc.,vistar media
CA,Visual Visitor L.L.C.,visual visitor l l c
CA,VRTCAL Markets Inc.,vrtcal markets
CA,"Warmly, Inc.",warmly
CA,We Inform LLC,we inform
CA,"WealthFeed, Inc.",wealthfeed
CA,"Webbula, LLC",webbula
CA,West Publishing Corp,west publishing
CA,"Whitepages, Inc",whitepages
CA,"Wiland, Inc.",wiland
CA,"Windfall Data, Inc.",windfall data
CA,WINR Data,winr data
CA,"Wiza, Inc.",wiza
CA,Xcelerated Data LLC,xcelerated data
CA,"Yieldmo, Inc.",yieldmo
CA,ZeroToOne.AI Inc.,zerotoone ai
CA,Zeta Global,zeta global
CA,"ZS Associates, Inc.",zs associates
CA,Subdirect LLC,subdirect
CA,"Above Data, Inc.",above data
CA,"ActivImpact, LLC",activimpact
CA,Viant US LLC,viant us
CA,Adprime Media LLC,adprime media
CA,Adttribution Inc,adttribution
CA,"Project Affinity, Inc.",project affinity
CA,"NEXT WAVE MARKETING STRATEGIES, INC",next wave marketing strategies
CA,The Alesco Group LLC,the alesco group
CA,AlikeAudience Inc,alikeaudience
CA,"Allant Group, LLC",allant group
CA,Tagis Inc,tagis
CA,"Anteriad, LLC",anteriad
CA,"Zenleads, Inc.",zenleads
CA,Astoria Company,astoria company
CA,Hunt Club Inc,hunt club
CA,Unearth Campaigns LLC,unearth campaigns
CA,Audience Acuity LLC,audience acuity
CA,Audience Mix LLC,audience mix
CA,"Predictive Pop, Inc.",predictive pop
CA,"Bachmanity, Inc.",bachmanity
CA,"Azira, LLC",azira
CA,EquiMine Inc.,equimine
CA,BB Direct Inc,bb direct
CA,Biointelli Corporation,biointelli
CA,Gigabite Inc,gigabite
CA,A Direct Marketing Inc,a direct marketing
CA,Crimson Hexagon,crimson hexagon
CA,"OWMN, LTD.",owmn
CA,J2 Global Canada Inc.,j2 global canada
CA,"Guidestar Direct, Corp.",guidestar direct
CA,Pludo Inc,pludo
CA,Catalina Marketing Corporation,catalina marketing
CA,"CB Information Services, Inc.",cb information services
CA,"CDK Global, LLC",cdk global
CA,"Rushmore Labs, LLC",rushmore labs
CA,"Censia, Inc.",censia
CA,"Elevar, LLC",elevar
CA,"MV Digital Group, LLC",mv digital group
CA,Cision,cision
CA,CITYDATA Inc.,citydata
CA,Claritas LLC,claritas
CA,Clarivate,clarivate
CA,"ClearCompany, LLC",clearcompany
CA,Clickagy LLC,clickagy
CA,"Summit Resources, LLC",summit resources
CA,Cognism,cognism
CA,eContext.ai LLC,econtext ai
CA,Complete Mailing Lists LLC,complete mailing lists
CA,"Comscore, Inc",comscore
CA,"Crunchbase, Inc.",crunchbase
CA,"Mississippi Tornado Alley, LLC",mississippi tornado alley
CA,Data Axle Inc.,data axle
CA,Data Decisions Group,data decisions group
CA,"DT Client Services, LLC",dt client services
CA,Datadesk Inc.,datadesk
CA,"Task Genie, Inc.",task genie
CA,Dataman Group Inc,dataman group
CA,Datanyze LLC,datanyze
CA,"Data Partners, Inc.",data partners
CA,"Datasys Group, Inc.",datasys group
CA,Date Detective Inc,date detective
CA,Decide Technologies Inc.,decide technologies
CA,DecisionLinks LLC,decisionlinks
CA,"Compact Information Systems, LLC",compact information systems
CA,"Demand Science US, LLC",demand science us
CA,Qualfon,qualfon
CA,"Dice Career Solutions, Inc.",dice career solutions
CA,Digital Viking Media Inc,digital viking media
CA,Disqus,disqus
CA,Innovation Brands Corp,innovation brands
CA,"DonorBase, Inc.",donorbase
CA,DonorBureau LLC,donorbureau
CA,Dresden Direct inc.,dresden direct
CA,"NetWise Data, LLC",netwise data
CA,Dun and Bradstreet Inc.,dun and bradstreet
CA,"Lightcast, LLC",lightcast
CA,"Endgame Labs, Inc.",endgame labs
CA,Enlyft Inc.,enlyft
CA,"Vertical Int, Inc.",vertical int
CA,"ListsOnline.com, Inc.",listsonline com
CA,"EverView HoldCo, Inc",everview holdco
CA,Exa Labs Inc.,exa labs
CA,"Exact Opco, LLC",exact opco
CA,"Consumerbase, LLC",consumerbase
CA,"BuyersRoad, Inc",buyersroad
CA,Explorium Inc.,explorium
CA,Fifty Technology Ltd,fifty technology
CA,"Peoplefinders, LLC",peoplefinders
CA,"AdvisorTarget, LLC",advisortarget
CA,"First Direct, Inc.",first direct
CA,First Orion Corp,first orion
CA,"Home Contractors Review, LLC",home contractors review
CA,"Focus USA, Inc.",focus usa
CA,DealerDirect LLC,dealerdirect
CA,"FourthWall Media, Inc.",fourthwall media
CA,J2 Martech Corp,j2 martech
CA,"Randall-Reilly, LLC",randall reilly
CA,Virtual Marketing LLC,virtual marketing
CA,LeadCrunch,leadcrunch
CA,"Great Lakes List, Inc.",great lakes list
CA,"xAd, Inc.",xad
CA,Healthcare Inc,healthcare
CA,HealthLink Dimensions,healthlink dimensions
CA,Heartbeat.AI Inc,heartbeat ai
CA,Carry Technologies Inc.,carry technologies
CA,"HireTeamMate, Inc.",hireteammate
CA,ID5 Technology Ltd,id5 technology
CA,"Integrated Direct Marketing, LLC",integrated direct marketing
CA,illumin Inc.,illumin
CA,"Inbound Insight, LLC",inbound insight
CA,"TechTarget, Inc",techtarget
CA,"InfoPay, Inc",infopay
CA,Lead Intelligence Inc.,lead intelligence
CA,"InMarket Media, LLC",inmarket media
CA,Instant Checkmate LLC,instant checkmate
CA,"Foo Monk, LLC",foo monk
CA,"Intelius, LLC",intelius
CA,JDM LIST SERVICES,jdm list services
CA,"JMR Media Consulting, Inc.",jmr media consulting
CA,"Intalytics, Inc.",intalytics
CA,KB Synergy Inc,kb synergy
CA,Key Marketing Advantage,key marketing advantage
CA,Scalable Commerce LLC,scalable commerce
CA,iWave Information Systems,iwave information systems
CA,"Komodo Health, Inc.",komodo health
CA,Kontext Data,kontext data
CA,"Labels & Lists, Inc",labels lists
CA,Lead Me Media LLC,lead me media
CA,Lead411 Corporation,lead411
CA,"Property Reach, L.P.",property reach l p
CA,RELX Inc.,relx
CA,"Blue Hill Marketing Solutions, Inc",blue hill marketing solutions
CA,"LightBox Parent, L.P.",lightbox parent l p
CA,Nachal Inc.,nachal
CA,"LionShare Marketing, Inc",lionshare marketing
CA,LoopMe Limited,loopme
CA,"Lusha Systems, Inc",lusha systems
CA,"M&R Strategic Services, Inc.",m r strategic services
CA,"Madhive, Inc.",madhive
CA,"Infinite Media Concepts, Inc.",infinite media concepts
CA,"MaxMind, Inc.",maxmind
CA,"MedPro Systems, LLC",medpro systems
CA,Melissa Data Corporation,melissa data
CA,Milestone Marketing Solutions,milestone marketing solutions
CA,Minerva BI Inc,minerva bi
CA,Anne Lewis Strategies LLC,anne lewis strategies
CA,Online Media Group Inc.,online media group
CA,MobileFuse LLC,mobilefuse
CA,"Mobilewalla, Inc.",mobilewalla
CA,ModFx Labs Pvt Ltd,modfx labs pvt
CA,Modigie Inc,modigie
CA,"Ownco, LLC",ownco
CA,"Apollo Interactive, LLC",apollo interactive
CA,"MULTIMEDIA LISTS, INC.",multimedia lists
CA,Definitive Healthcare LLC,definitive healthcare
CA,"NextRoll, Inc.",nextroll
CA,"NFocus Consulting, Inc.",nfocus consulting
CA,"eXelate, Inc.",exelate
CA,"The Nielsen Company, LLC",the nielsen company
CA,"Consumer Canvas, LLC",consumer canvas
CA,"FinThrive Healthcare, Inc.",finthrive healthcare
CA,"ExlService.com, LLC",exlservice com
CA,Online Advertising Network sp. z o.o.,online advertising network sp z o o
CA,Ocean Global Inc,ocean global
CA,Mobile Technology Corporation,mobile technology
CA,Opensend Inc,opensend
CA,Optable Technologies US Inc.,optable technologies us
CA,Outward Media Inc.,outward media
CA,Pacific East Research Inc,pacific east research
CA,"Paramount Lists, Inc.",paramount lists
CA,"Path2Response, LLC",path2response
CA,"Knowledge Works, Inc.",knowledge works
CA,"Pen-Link, Ltd.",pen link
CA,Hivestack Technologies Inc.,hivestack technologies
CA,Command Precision Inc.,command precision
CA,PeoplefindersDaaS,peoplefindersdaas
CA,Datamentors LLC,datamentors
CA,"PlaceIQ, Inc.",placeiq
CA,Plug Chargers LLC,plug chargers
CA,"Plunge, LLC",plunge
CA,Podible Inc,podible
CA,"Pop Acta Media, LLC",pop acta media
CA,Precisely Software Incorporated,precisely software
CA,PrivCo Holding Inc,privco holding
CA,"Addapptation, Inc.",addapptation
CA,"National Data Analytics, LLC",national data analytics
CA,"Information Data Resources, LLC",information data resources
CA,BIGDBM,bigdbm
CA,"PulsePoint, Inc.",pulsepoint
CA,"Quad Graphics, Inc.",quad graphics
CA,RampedUp,rampedup
CA,"Ray CDP, Inc.",ray cdp
CA,Globicom Inc,globicom
CA,Redmob LLC,redmob
CA,Reklaim Ltd.,reklaim
CA,GETEMAILS LLC,getemails
CA,"RevenueBase, Inc",revenuebase
CA,"ReallyGreatRate, Inc",reallygreatrate
CA,"ROR Partners, LLC",ror partners
CA,S&P Global Inc,s p global
CA,Sabio Inc,sabio
CA,"Aniline, Inc.",aniline
CA,SciLeads Ltd,scileads
CA,"Seamless Contacts, Inc.",seamless contacts
CA,"Civil Data Research, LLC",civil data research
CA,"ZipStorm, Inc.",zipstorm
CA,Semasio GmbH,semasio
CA,The Segerdahl LLC,the segerdahl
CA,Predactiv,predactiv
CA,"SheerID, Inc.",sheerid
CA,"Slashdot Media, LLC",slashdot media
CA,SMARTe Inc,smarte
CA,"Effyis, Inc.",effyis
CA,Connection Holdings,connection holdings
CA,"Specialists Marketing Services, Inc.",specialists marketing services
CA,Speedeon Data LLC,speedeon data
CA,"Spokeo, Inc.",spokeo
CA,"Spy Labs AdCo, LLC",spy labs adco
CA,"Digital Safety Products, LLC",digital safety products
CA,StackAdapt Inc.,stackadapt
CA,"Intermedia Ventures, LLC",intermedia ventures
CA,StatSocial,statsocial
CA,"Stirista, LLC",stirista
CA,"Qurium Solutions, Inc.",qurium solutions
CA,Swordfish AI Inc,swordfish ai
CA,"Orgio, Inc.",orgio
CA,Think Data Group Inc,think data group
CA,Revenue Roll Inc.,revenue roll
CA,"Enformion, LLC",enformion
CA,Trans Union LLC,trans union
CA,"TripleLift, Inc.",triplelift
CA,"TrueData Solutions, Inc.",truedata solutions
CA,"Free Data Services, LLC",free data services
CA,"Huge Legal Technology Company, Inc",huge legal technology company
CA,"TruthFinder, LLC",truthfinder
CA,"Unacast, Inc.",unacast
CA,"upcell, LLC",upcell
CA,"Urban Science Applications, Inc.",urban science applications
CA,BH Marketing Group LLC,bh marketing group
CA,"USADATA, Inc",usadata
CA,"Valassis Communications, Inc.",valassis communications
CA,"GetVector, Inc.",getvector
CA,"Vendelux, Inc.",vendelux
CA,"Venntel, Inc.",venntel
CA,Versar Data Solutions Inc,versar data solutions
CA,"Jun Group Productions, LLC",jun group productions
CA,Wunderkind Corporation,wunderkind
CA,PubMatic Inc.,pubmatic
CA,"Yobi Ventures, Inc.",yobi ventures
CA,"ZoomInfo Technologies, LLC",zoominfo technologies
VT,BLIS GLOBAL LTD,blis global
VT,"Wiland, Inc.",wiland
VT,Lookify,lookify
VT,"M1 Data & Analytics, LLC",m1 data analytics
VT,Veeva Systems Inc.,veeva systems
VT,Digital Media Solutions,digital media solutions
VT,Merkle Inc.,merkle
VT,"Giant Partners, Inc.",giant partners
VT,Project Applecart LLC,project applecart
VT,"SUUS, LLC",suus
VT,"Alliant Cooperative Data Solutions, LLC",alliant cooperative data solutions
VT,Stirista LLC,stirista
VT,Azira,azira
VT,NFocus Consulting Inc,nfocus consulting
VT,"Data Driven Safety, LLC",data driven safety
VT,Redmob LLC,redmob
VT,HealthWise Data LLC,healthwise data
VT,ASL Marketing,asl marketing
VT,"Compact Information Systems, LLC d/b/a Deep Sync",compact information systems d b a deep sync
VT,HomeData,homedata
VT,Datamentors LLC dba Porch Group Media,datamentors dba porch group media
VT,Uplead,uplead
VT,All Good Media LLC,all good media
VT,PrivCo Media LLC,privco media
VT,"Crunchbase, Inc.",crunchbase
VT,RP On-Site LLC,rp on site
VT,"Cuebiq Group, LLC",cuebiq group
VT,True Blue Analytics,true blue analytics
VT,SalesIntel Research Inc,salesintel research
VT,"BeenVerified, LLC, The Lifetime Value Co. LLC and subsidiaries and affiliates",beenverified the lifetime value and subsidiaries and affiliates
VT,"Spokeo, Inc",spokeo
VT,"Nativo, Inc.",nativo
VT,Precisely Software Incorporated,precisely software
VT,"PlaceIQ, Inc.",placeiq
VT,"BLACK KNIGHT DATA & ANALYTICS, LLC",black knight data analytics
VT,"Collateral Analytics, LLC",collateral analytics
VT,Minerva BI Inc,minerva bi
VT,MCH Inc.,mch
VT,"Economic Modeling, LLC",economic modeling
VT,"Civis Analytics, Inc",civis analytics
VT,"DealerX Partners, llc",dealerx partners
VT,"Warmly, Inc.",warmly
VT,"CIC Mortgage Credit, Inc",cic mortgage credit
VT,Len Schenker,len schenker
VT,Explorium Inc.,explorium
VT,"MaxMind, Inc.",maxmind
VT,"Early Warning Services, LLC",early warning services
VT,"Blackbaud, Inc.",blackbaud
VT,J.D. Power,j d power
VT,"Fideo Intelligence, Inc.",fideo intelligence
VT,Crimson Hexagon,crimson hexagon
VT,"InfoPay, Inc",infopay
VT,"Guidestar Direct, Corp.",guidestar direct
VT,Clay Labs LLC,clay labs
VT,ACXIOM LLC,acxiom
VT,"Whitepages, Inc",whitepages
VT,Definitive Healthcare LLC,definitive healthcare
VT,LexisNexis,lexisnexis
VT,"Aidentified, Inc.",aidentified
VT,"Fraiser, LLC",fraiser
VT,Real Intent Inc.,real intent
VT,DATADELIVERS LLC,datadelivers
VT,MediaWallah Inc,mediawallah
VT,FIRST ORION CORP,first orion
VT,UPS Capital Corporation,ups capital
VT,Institutional Shareholder Services Inc.,institutional shareholder services
VT,"Narvar, Inc.",narvar
VT,"TRUTHFINDER, LLC",truthfinder
VT,"INSTANT CHECKMATE, LLC",instant checkmate
VT,"Intelius, LLC",intelius
VT,GETEMAILS LLC,getemails
VT,"AtData, LLC",atdata
VT,Zipstorm LLC,zipstorm
VT,"G2 Bankruptcy Risk Solutions, Inc.",g2 bankruptcy risk solutions
VT,"ISO Services, Inc.",iso services
VT,"Versium Analytics, Inc.",versium analytics
VT,"HireTeamMate, Inc. dba hireEZ",hireteammate dba hireez
VT,"Trestle Solutions, Inc.",trestle solutions
VT,"Collective Data Solutions, LLC",collective data solutions
VT,Message Digital LLC,message digital
VT,"Valassis Communications, Inc.",valassis communications
VT,"Semasio, Inc.",semasio
VT,CTAM LeadShare Corp,ctam leadshare
VT,"Seamless Contacts, Inc. d/b/a Seamless.AI",seamless contacts d b a seamless ai
VT,"ActivImpact, LLC",activimpact
VT,AccuData Integrated Marketing,accudata integrated marketing
VT,LeadPost LLC,leadpost
VT,"Electronic Voice Services, Inc.",electronic voice services
VT,"ACH, Address Clearing House",ach address clearing house
VT,"United One Resources, Inc.",united one resources
VT,Data Partners Inc.,data partners
VT,"Unacast, Inc.",unacast
VT,eMerges.com,emerges com
VT,"Venntel, Inc.",venntel
VT,"Lead Intelligence, Inc. d/b/a Verisk Marketing Solutions",lead intelligence d b a verisk marketing solutions
VT,Foo Monk LLC,foo monk
VT,Deloitte Financial Advisory Services LLP,deloitte financial advisory services
VT,"First Direct, Inc. and its subsidiaries/affiliates",first direct and its subsidiaries affiliates
VT,"TechTarget, Inc.",techtarget
VT,"Simio Cloud, LLC",simio cloud
VT,"Cision US, Inc",cision us
VT,People Data Labs,people data labs
VT,CrawlBee Co,crawlbee
VT,Deloitte Consulting LLP,deloitte consulting
VT,Visual Visitor LLC,visual visitor
VT,Riv Data Corp dba Carpe Data,riv data dba carpe data
VT,"Samba TV, Inc.",samba tv
VT,"Kloudend, Inc.",kloudend
VT,"EAB Global, Inc.",eab global
VT,"Pipl, Inc.",pipl
VT,"Unearth Campaigns, LLC",unearth campaigns
VT,"Forager.ai, LLC",forager ai
VT,Share Local Media,share local media
VT,"Andrews Wharton, Inc",andrews wharton
VT,"Belardi Ostroy, ALC, LLC",belardi ostroy alc
VT,"Belardi Ostroy, ALC, LLC",belardi ostroy alc
VT,"BH MARKETING GROUP, LLC",bh marketing group
VT,Equifax Apprise Solutions LLC,equifax apprise solutions
VT,Nielsen Marketing Cloud,nielsen marketing cloud
VT,Sterling Data Company LLC,sterling data company
VT,01Advertising Inc.,01advertising
VT,"Leidos Digital Solutions, Inc.",leidos digital solutions
VT,US Data Corporation,us data
VT,Private Records LLC,private records
VT,"Foursquare Labs, Inc.",foursquare labs
VT,Truth Now LLC,truth now
VT,Infomatics LLC,infomatics
VT,Melissa Data Corporation,melissa data
VT,We Inform LLC,we inform
VT,The People Searchers LLC,the people searchers
VT,Data Decisions Group,data decisions group
VT,Redi-Data Inc.,redi data
VT,Salutary Data LLC.,salutary data
VT,"Austin Consolidated Holdings, Inc.",austin consolidated holdings
VT,"Knowledge Works Inc., d/b/a PayNet",knowledge works d b a paynet
VT,Compliance Data Center LLC,compliance data center
VT,IXI CORPORATION,ixi
VT,Equifax Data Services LLC,equifax data services
VT,Equifax Workforce Solutions LLC,equifax workforce solutions
VT,Innovative Enterprises LLC,innovative enterprises
VT,"DataX, Ltd.",datax
VT,Equifax Information Services LLC,equifax information services
VT,"Teletrack, LLC",teletrack
VT,"Tapad, Inc",tapad
VT,"Bridg, a division of Cardlytics, Inc.",bridg a division of cardlytics
VT,"Frontline eSolutions, LLC",frontline esolutions
VT,"Experian Fraud Prevention Solutions, Inc.",experian fraud prevention solutions
VT,Snovio Inc,snovio
VT,"Interactive Data, LLC",interactive data
VT,"FOREWARN, LLC",forewarn
VT,Demandbase,demandbase
VT,Choreograph LLC,choreograph
VT,Speedeon Data LLC,speedeon data
VT,"J2 Global Canada, Inc.",j2 global canada
VT,J2 Martech Corp.,j2 martech
VT,"Clarity Services, Inc",clarity services
VT,"eXelate, Inc.",exelate
VT,"Automation Research, Inc.",automation research
VT,"Factual Data, Inc.",factual data
VT,"Innovis Data Solutions, Inc.",innovis data solutions
VT,"Apollo Interactive, LLC",apollo interactive
VT,Nuwber Inc,nuwber
VT,TargetSmart Communications LLC,targetsmart communications
VT,PwC Product Sales LLC,pwc product sales
VT,"Epsilon Data Management, LLC",epsilon data management
VT,"Connected Investors, LLC",connected investors
VT,"EXPERIAN BACKGROUND DATA, INC.",experian background data
VT,"Experian Health, Inc.",experian health
VT,Catalist LLC,catalist
VT,"Data Facts, Inc.",data facts
VT,DealerDirect LLC,dealerdirect
VT,Veraset LLC,veraset
VT,First American Data Tree LLC,first american data tree
VT,"El Toro.com, LLC",el toro com
VT,"StatSocial, Inc.",statsocial
VT,Spy Dialer Labs Inc,spy dialer labs
VT,"Outward Media, Inc.",outward media
VT,Captify Technologies,captify technologies
VT,FourLeaf LLC,fourleaf
VT,Trans Union LLC,trans union
VT,"Neustar, Inc",neustar
VT,"Employment Tax Servicing, LLC",employment tax servicing
VT,"Experian Employer Services, Inc.",experian employer services
VT,"Direct Marketing Solutions, Inc.",direct marketing solutions
VT,"Demyst Data, Ltd",demyst data
VT,"Experian Marketing Solutions, LLC",experian marketing solutions
VT,West Publishing Corporation,west publishing
VT,"AmRent, Inc.",amrent
VT,Nexxen Inc,nexxen
VT,"Specialists Marketing Services, Inc.",specialists marketing services
VT,"The Open Data People, Inc.",the open data people
VT,Statara Solutuions LLC,statara solutuions
VT,Advertise4Sales Inc,advertise4sales
VT,"700 Credit, LLC",700 credit
VT,"Orgio, Inc.",orgio
VT,"ISO Claims Services, Inc.",iso claims services
VT,"Insurance Services Office, Inc. (“ISO”)",insurance services office iso
VT,Quality Planning Corporation,quality planning
VT,"Intalytics, Inc.",intalytics
VT,"eSite Analytics, Inc.",esite analytics
VT,ZoomInfo Technologies LLC,zoominfo technologies
VT,Datanyze,datanyze
VT,Clickagy LLC,clickagy
VT,"HireRight, LLC",hireright
VT,"General Information Solutions LLC (""GIS"")",general information solutions gis
VT,"Backgroundchecks.com LLC (""BGC"")",backgroundchecks com bgc
VT,eFunds,efunds
VT,"Chex Systems, Inc.",chex systems
VT,NATIONAL STUDENT CLEARINGHOUSE,national student clearinghouse
VT,"CoreLogic Solutions, LLC",corelogic solutions
VT,"CoreLogic Credco, LLC",corelogic credco
VT,CoreLogic Credco of Puerto Rico,corelogic credco of puerto rico
VT,"CoreLogic Portfolio Solutions, LLC",corelogic portfolio solutions
VT,"Ekata, Inc.",ekata
VT,"I360, LLC",i360
VT,"TSG Holdco, LLC",tsg holdco
VT,"PossibleNow, Inc.",possiblenow
VT,"Adept ID, Inc.",adept id
VT,"Quad/Graphics, Inc",quad graphics
VT,"JMR Media Consulting, Inc.",jmr media consulting
VT,"Equation Consulting, LLC",equation consulting
VT,"Experian Information Solutions, Inc.",experian information solutions
VT,Data Axle Inc.,data axle
VT,"Rich Media, LLC",rich media
VT,"Lusha Systems, Inc.",lusha systems
VT,"Cadent, LLC",cadent
VT,Stuart McNair,stuart mcnair
VT,"ClearCompany, LLC",clearcompany
VT,"VenPath, Inc",venpath
VT,Meltwater News US Inc.,meltwater news us
VT,Virtual Marketing LLC dba Fusion92,virtual marketing dba fusion92
VT,"Semcasting, Inc.",semcasting
VT,"Scanbuy, Inc",scanbuy
VT,Growbots Inc,growbots
VT,"TrueData Solutions, Inc.",truedata solutions
VT,"Anne Lewis Strategies, LLC, d/b/a MissionWired",anne lewis strategies d b a missionwired
VT,"Dun & Bradstreet,  Inc.",dun bradstreet
VT,"VideoAmp, Inc.",videoamp
VT,"Inmar-OIQ, LLC",inmar oiq
VT,LexisNexis Risk Solutions Inc.,lexisnexis risk solutions
VT,Crisil Irvena US LLC,crisil irvena us
VT,Deluxe Corporation,deluxe
VT,"IQVIA Digital, Inc.",iqvia digital
VT,"Property Reach, LP",property reach
VT,Partners Credit and Verification Solutions,partners credit and verification solutions
VT,"Enformion, LLC",enformion
VT,"M&R Strategic Services, Inc.",m r strategic services
VT,"PeopleFinders, LLC",peoplefinders
VT,Buyerlink Inc.,buyerlink
VT,Experian Data Corp,experian data
VT,Kontext,kontext
VT,"GrayHair Software, LLC",grayhair software
VT,"Mogean, Inc.",mogean
VT,"AutoWeb, Inc.",autoweb
VT,"NetWise Data, LLC",netwise data
VT,"Tunnl, LLC",tunnl
VT,"Deep Root Analytics, LLC",deep root analytics
VT,SageStream LLC,sagestream
VT,Accuity Asset Verification Services Inc.,accuity asset verification services
VT,LexisNexis Risk Solutions FL Inc.,lexisnexis risk solutions fl
VT,"Social Catfish, LLC",social catfish
VT,"HealthCare, Inc., a Delaware corporation",healthcare a delaware
VT,"Plunge, LLC",plunge
VT,Bridge,bridge
VT,Reveal Mobile,reveal mobile
VT,Jigyasa Analytics LLC,jigyasa analytics
VT,"Qwoted, Inc.",qwoted
VT,Lender Feed LC,lender feed lc
VT,Reklaim Ltd.,reklaim
VT,Mississippi Tornado Alley LLC,mississippi tornado alley
VT,Path2Response LLC,path2response
VT,Monevo Inc,monevo
VT,"SafeRent Solutions, LLC",saferent solutions
VT,"Family Tree Now, LLC",family tree now
VT,"Free Data Services, LLC",free data services
VT,"Edvisors Network, Inc.",edvisors network
VT,"CDK Global, LLC",cdk global
VT,AnalyticsIQ,analyticsiq
VT,"NextRoll, Inc.",nextroll
VT,Date Detective Inc,date detective
VT,Preqin Ltd,preqin
VT,"CareerBuilder, LLC",careerbuilder
VT,"Ownco, LLC",ownco
VT,RocketReach LLC,rocketreach
VT,"BDEX, LLC",bdex
VT,Media Resource Group LLC,media resource group
VT,Contemporary Information Corp,contemporary information
VT,WealthFeed,wealthfeed
VT,Dataline,dataline
VT,"SheerID, Inc.",sheerid
VT,"LightBox Parent, L.P.",lightbox parent l p
VT,"Command Precision, Inc.",command precision
VT,Acronymix LLC,acronymix
VT,PublicNSA LLC dba BIGDBM,publicnsa dba bigdbm
VT,"Altair Data Resources, Inc.",altair data resources
VT,Disco Technology Inc,disco technology
VT,Zeta Global Corp.,zeta global
VT,"Disqus, Inc.",disqus
VT,LiveIntent,liveintent
VT,ListKit LLC,listkit
VT,"Growing Libraries, LLC",growing libraries
VT,"Demand Science US, LLC",demand science us
VT,Modigie Inc,modigie
VT,"Lob.com, Inc.",lob com
VT,StackAdapt Inc.,stackadapt
VT,"Irys, Inc",irys
VT,"TripleLift, Inc.",triplelift
VT,Moody's Corporation,moody s
VT,Keyword Connects LLC,keyword connects
VT,"Remodeling.com, LLC",remodeling com
VT,"Best Pick Reports, LLC",best pick reports
VT,"Home Contractors Review, LLC dba Five Star Rated and Home Services Review",home contractors review dba five star rated and home services review
VT,33 Mile Radius LLC,33 mile radius
VT,"Windfall Data, Inc.",windfall data
VT,"Blue Hill Marketing Solutions, Inc",blue hill marketing solutions
VT,"Revi Group, Inc.",revi group
VT,"Datasys Group, Inc.",datasys group
VT,"Project Affinity, Inc.",project affinity
VT,"Intentsify, LLC",intentsify
VT,"Steppingblocks, Inc.",steppingblocks
VT,"upcell, LLC.",upcell
VT,"Altrata, Inc",altrata
VT,"Wiland, Inc.",wiland
VT,Graze Social PBC,graze social pbc
VT,"Zenleads, Inc. dba Apollo.io",zenleads dba apollo io
VT,R. L. Polk & Co.,r l polk
VT,Juicebox App,juicebox app
VT,"Service Platform, Inc.",service platform
VT,Complementics,complementics
VT,Helix Campaigns LLC,helix campaigns
VT,"Converge Marketing, LLC",converge marketing
VT,"Swarm Holdings, Inc.",swarm holdings
VT,"Brooks Integrated Marketing, LLC",brooks integrated marketing
VT,Bachmanity Inc. dba Aviato,bachmanity dba aviato
VT,Astoria Company Marketing LLC,astoria company marketing
VT,Knower Tech USA LLC,knower tech usa
VT,"6sense Insights, Inc.",6sense insights
VT,"Complete Mailing Lists, LLC",complete mailing lists
VT,"RevOptimal, LLC",revoptimal
VT,"HealthLink Dimensions, LLC",healthlink dimensions
VT,Carry Technologies Inc dba Hightouch,carry technologies dba hightouch
VT,"Yobi Ventures, Inc.",yobi ventures
VT,Catalina Marketing Corporation,catalina marketing
VT,"Throtle, Inc.",throtle
VT,Audience Mix LLC,audience mix
VT,Cybba Inc.,cybba
VT,Infinite Media/ Mailinglists.com,infinite media mailinglists com
VT,"RelPro, Inc.",relpro
VT,"33Across, Inc.",33across
VT,Cognism Inc.,cognism
VT,VentiveIQ LLC,ventiveiq
VT,"Live Data Technologies, Inc.",live data technologies
VT,Xcelerated Data LLC,xcelerated data
VT,"RampedUp, LLC.",rampedup
VT,"RealSource, Inc",realsource
VT,Wiza Inc.,wiza
VT,"CARCO Group, Inc.",carco group
VT,Plug Industries,plug industries
VT,"upcell, LLC.",upcell
VT,Veraset LLC,veraset
VT,"InfoPay, Inc",infopay
VT,"ROR Partners, LLC",ror partners
VT,"Property Reach, LP",property reach
VT,"Alliant Cooperative Data Solutions, LLC",alliant cooperative data solutions
VT,Data Decisions Group,data decisions group
VT,Zipstorm LLC,zipstorm
VT,Precisely Software Incorporated,precisely software
VT,DecisionLinks LLC,decisionlinks
VT,Innovation Brands Corp,innovation brands
VT,"PlaceIQ, Inc.",placeiq
VT,"Lusha Systems, Inc.",lusha systems
VT,"Aidentified, Inc.",aidentified
VT,HomeData,homedata
VT,"Compact Information Systems, LLC d/b/a Deep Sync",compact information systems d b a deep sync
VT,AccuData Integrated Marketing,accudata integrated marketing
VT,ASL Marketing,asl marketing
VT,"BH MARKETING GROUP, LLC",bh marketing group
VT,"Allant Group, LLC",allant group
VT,UPS Capital Corporation,ups capital
VT,Message Digital LLC,message digital
VT,Explorium Inc.,explorium
VT,LeadPost LLC,leadpost
VT,AnalyticsIQ,analyticsiq
VT,S&P GLOBAL MARKET INTELLIGENCE,s p global market intelligence
VT,Sterling Data Company LLC,sterling data company
VT,"Steppingblocks, Inc.",steppingblocks
VT,"Swarmalytics, Inc.",swarmalytics
VT,"Spokeo, Inc",spokeo
VT,01Advertising Inc.,01advertising
VT,Anteriad,anteriad
VT,Len Schenker,len schenker
VT,MediaWallah Inc,mediawallah
VT,MCH Inc.,mch
VT,RocketReach LLC,rocketreach
VT,NFocus Consulting Inc,nfocus consulting
VT,CTAM LeadShare Corp,ctam leadshare
VT,RP On-Site LLC,rp on site
VT,"Windfall Data, Inc.",windfall data
VT,TargetSmart Communications LLC,targetsmart communications
VT,Statara Solutuions LLC,statara solutuions
VT,"TechTarget, Inc.",techtarget
VT,Bridge,bridge
VT,"Collective Data Solutions, LLC",collective data solutions
VT,"United One Resources, Inc.",united one resources
VT,"Baron App, Inc.",baron app
VT,Definitive Healthcare LLC,definitive healthcare
VT,Salutary Data LLC.,salutary data
VT,Datonics LLC,datonics
VT,"Altair Data Resources, Inc.",altair data resources
VT,Optable Technologies US Inc.,optable technologies us
VT,Stirista LLC,stirista
VT,"Lead Intelligence, Inc. d/b/a Verisk Marketing Solutions",lead intelligence d b a verisk marketing solutions
VT,"Civis Analytics, Inc",civis analytics
VT,SalesIntel Research Inc,salesintel research
VT,ACXIOM LLC,acxiom
VT,Data Axle Inc.,data axle
VT,"HireTeamMate, Inc. dba hireEZ",hireteammate dba hireez
VT,Share Local Media,share local media
VT,"Foursquare Labs, Inc.",foursquare labs
VT,"Bridg, a division of Cardlytics, Inc.",bridg a division of cardlytics
VT,WINR Data B.V.,winr data b v
VT,DealerDirect LLC,dealerdirect
VT,"Valassis Communications, Inc.",valassis communications
VT,Fraiser LLC,fraiser
VT,"Specialists Marketing Services, Inc.",specialists marketing services
VT,Veeva Systems Inc.,veeva systems
VT,"Unearth Campaigns, LLC",unearth campaigns
VT,Foo Monk LLC,foo monk
VT,Buyerlink Inc.,buyerlink
VT,"AutoWeb, Inc.",autoweb
VT,"Forager.ai, LLC",forager ai
VT,"Guidestar Direct, Corp.",guidestar direct
VT,People Data Labs,people data labs
VT,Outkeep LLC,outkeep
VT,Speedeon Data LLC,speedeon data
VT,"Swarm Holdings, Inc.",swarm holdings
VT,Clay Labs LLC,clay labs
VT,Acronymix LLC,acronymix
VT,"Brooks Integrated Marketing, LLC",brooks integrated marketing
VT,Bachmanity Inc. dba Aviato,bachmanity dba aviato
VT,DATADELIVERS LLC,datadelivers
VT,"Simio Cloud, LLC",simio cloud
VT,"LightBox Parent, L.P.",lightbox parent l p
VT,"PossibleNow, Inc.",possiblenow
VT,"Austin Consolidated Holdings, Inc.",austin consolidated holdings
VT,IXI CORPORATION,ixi
VT,"Knowledge Works Inc., d/b/a PayNet",knowledge works d b a paynet
VT,Equifax Information Services LLC,equifax information services
VT,"DataX, Ltd.",datax
VT,Equifax Data Services LLC,equifax data services
VT,Equifax Workforce Solutions LLC,equifax workforce solutions
VT,"Teletrack, LLC",teletrack
VT,Equifax Apprise Solutions LLC,equifax apprise solutions
VT,Demandbase,demandbase
VT,"Unacast, Inc.",unacast
VT,"Venntel, Inc.",venntel
VT,"Blackbaud, Inc.",blackbaud
VT,LexisNexis,lexisnexis
VT,"Seamless Contacts, Inc. d/b/a Seamless.AI",seamless contacts d b a seamless ai
VT,"Ownco, LLC",ownco
VT,GETEMAILS LLC,getemails
VT,The Data Group,the data group
VT,Gigabite Inc,gigabite
VT,Tagis Inc. dba Amplemarket,tagis dba amplemarket
VT,"Apollo Interactive, LLC",apollo interactive
VT,"6sense Insights, Inc.",6sense insights
VT,Audience Mix LLC,audience mix
VT,"Fideo Intelligence, Inc.",fideo intelligence
VT,"CIC Mortgage Credit, Inc",cic mortgage credit
VT,J.D. Power,j d power
VT,FourLeaf LLC,fourleaf
VT,Uplead,uplead
VT,"M1 Data & Analytics, LLC",m1 data analytics
VT,Moody's Corporation,moody s
VT,"Quad/Graphics, Inc",quad graphics
VT,"Early Warning Services, LLC",early warning services
VT,"Pipl, Inc.",pipl
VT,Minerva BI Inc,minerva bi
VT,"Giant Partners, Inc.",giant partners
VT,"Task Genie, Inc. DBA Datalane",task genie dba datalane
VT,"Digital Media Solutions, LLC",digital media solutions
VT,"Command Precision, Inc.",command precision
VT,Merkle Inc.,merkle
VT,Deluxe Corporation,deluxe
VT,WEBBULA LLC,webbula
VT,"PropertyRadar, Inc.",propertyradar
VT,"MaxMind, Inc.",maxmind
VT,"BeenVerified, LLC, The Lifetime Value Co. LLC and subsidiaries and affiliates",beenverified the lifetime value and subsidiaries and affiliates
VT,"TripleLift, Inc.",triplelift
VT,FIRST ORION CORP,first orion
VT,"G2 Bankruptcy Risk Solutions, Inc.",g2 bankruptcy risk solutions
VT,Azira,azira
VT,Datamentors LLC dba Porch Group Media,datamentors dba porch group media
VT,"LiveRamp Holdings, Inc.",liveramp holdings
VT,Global Source Data Solutions Inc,global source data solutions
VT,Reklaim Ltd.,reklaim
VT,"M&R Strategic Services, Inc.",m r strategic services
VT,"Lob.com, Inc.",lob com
VT,"Warmly, Inc.",warmly
VT,"Irys, Inc",irys
VT,"RevOptimal, LLC",revoptimal
VT,Redmob LLC,redmob
VT,"Semcasting, Inc.",semcasting
VT,"El Toro.com, LLC",el toro com
VT,Choreograph LLC,choreograph
VT,"DealerX Partners, llc",dealerx partners
VT,"TRUTHFINDER, LLC",truthfinder
VT,"Data Facts, Inc.",data facts
VT,"INSTANT CHECKMATE, LLC",instant checkmate
VT,"Intelius, LLC",intelius
VT,NATIONAL STUDENT CLEARINGHOUSE,national student clearinghouse
VT,"Data Driven Safety, LLC",data driven safety
VT,Exa Labs Inc.,exa labs
VT,"National Opinion Institute, LLC",national opinion institute
VT,"Consumer Canvas, LLC",consumer canvas
VT,Swordfish AI INc,swordfish ai
VT,"National Opinion Institute, LLC",national opinion institute
VT,"Belardi Ostroy, ALC, LLC",belardi ostroy alc
VT,"Belardi Ostroy, ALC, LLC",belardi ostroy alc
VT,"Epsilon Data Management, LLC",epsilon data management
VT,"AtData, LLC",atdata
VT,Cybba Inc.,cybba
VT,Graze Social PBC,graze social pbc
VT,Heartbeat AI Inc,heartbeat ai
VT,"GrayHair Software, LLC",grayhair software
VT,US Data Corporation,us data
VT,ZoomInfo Technologies LLC,zoominfo technologies
VT,Datanyze,datanyze
VT,Clickagy LLC,clickagy
VT,Deloitte Consulting LLP,deloitte consulting
VT,"Whitepages, Inc",whitepages
VT,Dataline,dataline
VT,J2 Martech Corp.,j2 martech
VT,"Trestle Solutions, Inc.",trestle solutions
VT,"J2 Global Canada, Inc.",j2 global canada
VT,Visual Visitor LLC,visual visitor
VT,"Dun & Bradstreet,  Inc.",dun bradstreet
VT,"NetWise Data, LLC",netwise data
VT,"Connatix Native Exchange, Inc.",connatix native exchange
VT,"Rushmore Labs, LLC",rushmore labs
VT,IDMAP INC,idmap
VT,Convex Labs LLC,convex labs
VT,Neptune Ops LLC,neptune ops
VT,"Response America Data, Inc.",response america data
VT,"Wiland, Inc.",wiland
VT,"Innovis Data Solutions, Inc.",innovis data solutions
VT,"AmRent, Inc.",amrent
VT,"Automation Research, Inc.",automation research
VT,"Factual Data, Inc.",factual data
VT,We Inform LLC,we inform
VT,The People Searchers LLC,the people searchers
VT,"BLACK KNIGHT DATA & ANALYTICS, LLC",black knight data analytics
VT,"Versium Analytics, Inc.",versium analytics
VT,Truth Now LLC,truth now
VT,4LegalLeads,4legalleads
VT,Crimson Hexagon,crimson hexagon
VT,"Cision US, Inc",cision us
VT,Labels and Lists,labels and lists
VT,AWL Inc,awl
VT,"ACH, Address Clearing House",ach address clearing house
VT,Similarweb Ltd.,similarweb
VT,"Vistar Media, Inc.",vistar media
VT,"AcreMaps, LLC",acremaps
VT,"Inmar Brand Solutions, Inc.",inmar brand solutions
VT,33 MILE RADIUS LLC,33 mile radius
VT,"Pen-Link, Ltd.",pen link
VT,"Key Marketing Advantage, LLC",key marketing advantage
VT,"Babel Street, Inc.",babel street
VT,Virtual Marketing LLC dba Fusion92,virtual marketing dba fusion92
VT,"Intentsify, LLC",intentsify
VT,"5x5 US, LLC",5x5 us
VT,"Inmar-OIQ, LLC",inmar oiq
VT,"Electronic Voice Services, Inc.",electronic voice services
VT,ListKit LLC,listkit
VT,"EXPERIAN BACKGROUND DATA, INC.",experian background data
VT,"Employment Tax Servicing, LLC",employment tax servicing
VT,Experian Data Corp,experian data
VT,"Experian Employer Services, Inc.",experian employer services
VT,"Experian Fraud Prevention Solutions, Inc.",experian fraud prevention solutions
VT,"Experian Marketing Solutions, LLC",experian marketing solutions
VT,"Frontline eSolutions, LLC",frontline esolutions
VT,"Clarity Services, Inc",clarity services
VT,"Experian Health, Inc.",experian health
VT,BLIS GLOBAL LTD,blis global
VT,Addapptation Inc. dba Propensity,addapptation dba propensity
VT,Preqin Ltd,preqin
VT,Innovation Brands Corp,innovation brands
VT,"Circana, LLC",circana
VT,"Exact Opco, LLC",exact opco
VT,BrightCheck Inc,brightcheck
VT,"Experian Information Solutions, Inc.",experian information solutions
VT,Snovio Inc,snovio
VT,"HireRight, LLC",hireright
VT,"General Information Solutions LLC (""GIS"")",general information solutions gis
VT,"Backgroundchecks.com LLC (""BGC"")",backgroundchecks com bgc
VT,Airlines Reporting Corporation,airlines reporting
VT,"Best Pick Reports, LLC",best pick reports
VT,Agile Education Marketing,agile education marketing
VT,"DR/Decision Resources, LLC",dr decision resources
VT,Clarivate Analytics (US) LLC,clarivate analytics us
VT,"Home Contractors Review, LLC  (d/b/a Five Star Rated)",home contractors review d b a five star rated
VT,Keyword Connects LLC,keyword connects
VT,"Remodeling.com, LLC",remodeling com
VT,SemantIQ Inc,semantiq
VT,"Commerce Signals, Inc.",commerce signals
VT,Nachal Inc.,nachal
VT,"Plunge, LLC",plunge
VT,"Rich Media, LLC",rich media
VT,"Kloudend, Inc.",kloudend
VT,"Chex Systems, Inc.",chex systems
VT,eFunds,efunds
VT,"VideoAmp, Inc.",videoamp
VT,"IQVIA Digital, Inc.",iqvia digital
VT,"CoreLogic Portfolio Solutions, LLC",corelogic portfolio solutions
VT,"CoreLogic Solutions, LLC",corelogic solutions
VT,Institutional Shareholder Services Inc.,institutional shareholder services
VT,"Insurance Services Office, Inc. (“ISO”)",insurance services office iso
VT,Quality Planning Corporation,quality planning
VT,"ISO Claims Services, Inc.",iso claims services
VT,Complementics,complementics
VT,"Anne Lewis Strategies, LLC, d/b/a MissionWired",anne lewis strategies d b a missionwired
VT,Nielsen Marketing Cloud,nielsen marketing cloud
VT,"eXelate, Inc.",exelate
VT,"JMR Media Consulting, Inc.",jmr media consulting
VT,"ROR Partners, LLC",ror partners
VT,"ActivImpact, LLC",activimpact
VT,Accuity Asset Verification Services Inc.,accuity asset verification services
VT,SageStream LLC,sagestream
VT,Trans Union LLC,trans union
VT,Monevo Inc,monevo
VT,"Neustar, Inc",neustar
VT,"TSG Holdco, LLC",tsg holdco
VT,CoreLogic Credco of Puerto Rico,corelogic credco of puerto rico
VT,"CoreLogic Credco, LLC",corelogic credco
VT,LexisNexis Risk Solutions Inc.,lexisnexis risk solutions
VT,LexisNexis Risk Solutions FL Inc.,lexisnexis risk solutions fl
VT,West Publishing Corporation,west publishing
VT,"CDK Global, LLC",cdk global
VT,"SheerID, Inc.",sheerid
VT,R. L. Polk & Co.,r l polk
VT,S&P GLOBAL MARKET INTELLIGENCE,s p global market intelligence
VT,"Everview HoldCo, Inc",everview holdco
VT,Nexxen Inc,nexxen
VT,"Cuebiq Group, LLC",cuebiq group
VT,"BDEX, LLC",bdex
VT,"Taboola, Inc.",taboola
VT,Claritas LLC.,claritas
VT,"Edvisors Network, Inc.",edvisors network
VT,Plug Chargers LLC,plug chargers
VT,"EAB Global, Inc.",eab global
VT,"MV Digital Group, LLC",mv digital group
VT,Accurate Append Inc,accurate append
VT,"Cleara, LLC",cleara
VT,"First Direct, Inc. and its subsidiaries/affiliates",first direct and its subsidiaries affiliates
VT,Black Pearl Group Limited,black pearl group
VT,"Becausal, Inc",becausal
VT,Kontext,kontext
VT,"Crunchbase, Inc.",crunchbase
VT,Focus USA,focus usa
VT,"Orgio, Inc.",orgio
VT,PublicNSA LLC dba BIGDBM,publicnsa dba bigdbm
VT,"Mobilewalla, Inc.",mobilewalla
VT,INTENT IQ LLC,intent iq
VT,Factori Technologies LLC,factori technologies
VT,"Worldwide Information, LLC",worldwide information
VT,Juicebox App,juicebox app
VT,"Blue Hill Marketing Solutions, Inc",blue hill marketing solutions
VT,PrivCo Media LLC,privco media
VT,The Alesco Group LLC,the alesco group
VT,"365Datasolutions, LLC",365datasolutions
VT,"Buxton Company, LLC",buxton company
VT,"FourthWall Media, Inc.",fourthwall media
VT,"Cadent, LLC",cadent
VT,Dan Barnett,dan barnett
VT,"Gather Analytics, LLC",gather analytics
VT,"Elevar, LLC",elevar
VT,"Disqus, Inc.",disqus
VT,"Altrata, Inc",altrata
VT,"Path2Response, LLC",path2response
VT,"Xactus, LLC",xactus
VT,Vintel AI,vintel ai
VT,Helix Campaigns LLC,helix campaigns
VT,iSpot.tv,ispot tv
VT,"DB Sub, LLC",db sub
VT,R. L. Polk & Co,r l polk
VT,Birchwood Credit Services Inc,birchwood credit services
VT,AGR Marketing Solutions LLC,agr marketing solutions
VT,Vendelux,vendelux
OR,Crunchbase Inc,crunchbase
OR,DEALERDIRECT LLC,dealerdirect
OR,Deloitte Consulting LLP,deloitte consulting
OR,HealthWise Data LLC,healthwise data
OR,LEAD INTELLIGENCE INC,lead intelligence
OR,UPS Capital Corporation,ups capital
OR,EXPERIAN MARKETING SOLUTIONS LLC,experian marketing solutions
OR,EXPERIAN INFORMATION SOLUTIONS INC,experian information solutions
OR,EXPERIAN HEALTH INC,experian health
OR,LEXISNEXIS RISK SOLUTIONS FL INC,lexisnexis risk solutions fl
OR,Foursquare Labs Inc,foursquare labs
OR,Compact Information Systems LLC,compact information systems
OR,Compact Information Systems LLC,compact information systems
OR,Compact Information Systems LLC,compact information systems
OR,Compact Information Systems LLC,compact information systems
OR,MINERVA BI INC,minerva bi
OR,ACXIOM LLC,acxiom
OR,TRANS UNION LLC,trans union
OR,NEUSTAR INC,neustar
OR,Merkle Inc,merkle
OR,BLACKBAUD INC,blackbaud
OR,LUSHA SYSTEMS INC.,lusha systems
OR,NUWBER INC,nuwber
OR,BUILDERTREND SOLUTIONS INC,buildertrend solutions
OR,THROTLE INC,throtle
OR,CHOREOGRAPH LLC,choreograph
OR,DUN & BRADSTREET INC,dun bradstreet
OR,EDVISORS NETWORK INC,edvisors network
OR,INTERACTIVE DATA LLC,interactive data
OR,PATH2RESPONSE LLC,path2response
OR,SNOVIO INC,snovio
OR,VALASSIS COMMUNICATIONS INC,valassis communications
OR,PropertyRadar Inc,propertyradar
OR,JD POWER A CORPORATION OF DELAWARE,jd power a of delaware
OR,Connected Investors LLC,connected investors
OR,First Orion Corp,first orion
OR,DIGITAL VIKING MEDIA INC,digital viking media
OR,PEOPLEFINDERS LLC,peoplefinders
OR,PROPERTY REACH L.P.,property reach l p
OR,EPSILON DATA MANAGEMENT LLC,epsilon data management
OR,ENFORMION LLC,enformion
OR,People Data Labs Inc,people data labs
OR,BEEN VERIFIED LLC,been verified
OR,TRUTHFINDER LLC,truthfinder
OR,INSTANT CHECKMATE LLC,instant checkmate
OR,LIVERAMP HOLDINGS INC,liveramp holdings
OR,M & R STRATEGIC SERVICES INC,m r strategic services
OR,SOCIAL CATFISH LLC,social catfish
OR,RELX INC,relx
OR,ALLIANT COOPERATIVE DATA SOLUTIONS LLC,alliant cooperative data solutions
OR,ZOOMINFO TECHNOLOGIES LLC,zoominfo technologies
OR,SIMIO CLOUD LLC,simio cloud
OR,ANCHOR COMPUTER INC,anchor computer
OR,S&P GLOBAL INC,s p global
OR,FRAISER LLC,fraiser
OR,VEEVA SYSTEMS INC,veeva systems
OR,DATAMENTORS LLC,datamentors
OR,Deloitte Financial Advisory Services LLP,deloitte financial advisory services
OR,CTAM LEADSHARE CORP,ctam leadshare
OR,DATA PARTNERS INC,data partners
OR,ANALYTICSIQ INC,analyticsiq
OR,CLICKAGY LLC,clickagy
OR,DATANYZE LLC,datanyze
OR,DATALINE INC,dataline
OR,SHEERID INC,sheerid
OR,VERASET LLC,veraset
OR,STATARA SOLUTIONS LLC,statara solutions
OR,ARISTOTLE INTERNATIONAL INC,aristotle international
OR,HEARTBEAT.AI INC,heartbeat ai
OR,DECIDE TECHNOLOGIES INC,decide technologies
OR,LEAD411 CORPORATION,lead411
OR,FIDEO INTELLIGENCE INC,fideo intelligence
OR,MELISSA DATA CORPORATOIN,melissa data corporatoin
OR,VERSIUM ANALYTICS INC,versium analytics
OR,NFOCUS CONSULTING INC,nfocus consulting
OR,AUSTIN CONSOLIDATED HOLDINGS INC,austin consolidated holdings
OR,IXI CORPORATION,ixi
OR,KNOWLEDGE WORKS INC,knowledge works
OR,EQUIFAX INFORMATION SERVICES LLC,equifax information services
OR,ANTERIAD LLC,anteriad
OR,SPECIALISTS MARKETING SERVICES INC,specialists marketing services
OR,CATALIST LLC,catalist
OR,CUEBIQ GROUP LLC,cuebiq group
OR,BLACK PEARL GROUP LLC,black pearl group
OR,SEAMLESS CONTACTS INC,seamless contacts
OR,US DATA CORPORATION,us data
OR,WHITEPAGES INC,whitepages
OR,CARRY TECHNOLOGIES INC,carry technologies
OR,AZIRA LLC,azira
OR,SPEEDEON DATA LLC,speedeon data
OR,GIANT PARTNERS INC,giant partners
OR,WINDFALL DATA INC,windfall data
OR,DTN LLC,dtn
OR,SEMASIO INC,semasio
OR,TASK GENIE INC,task genie
OR,LEADSPACE INC,leadspace
OR,PUBLICNSA LLC DBA BIGDBM,publicnsa dba bigdbm
OR,LABELS & LISTS INC,labels lists
OR,EREPUBLIC LLC,erepublic
OR,HIRETEAMMATE INC,hireteammate
OR,GUIDESTAR DIRECT CORP,guidestar direct
OR,MEDIAWALLAH INC,mediawallah
OR,A DIRECT MARKETING INC,a direct marketing
OR,ORGIO INC,orgio
OR,TABOOLA INC,taboola
OR,ATDATA LLC,atdata
OR,REVEAL MOBILE INC,reveal mobile
OR,LEADIQ INC,leadiq
OR,SWORDFISH AI INC,swordfish ai
OR,PRECISELY SOFTWARE INCORPORATED,precisely software
OR,PUBMATIC INC,pubmatic
OR,PIPL INC,pipl
OR,TECHTARGET INC,techtarget
OR,POSTIE INC,postie
OR,DIGITAL MEDIA SOLUTIONS,digital media solutions
OR,AUDIENCE ACUITY INC,audience acuity
OR,MOBILEWALLA INC,mobilewalla
OR,STEPPINGBLOCKS INC,steppingblocks
OR,T-MOBILE USA INC,t mobile usa
OR,OUTLOGIC LLC,outlogic
OR,MATCHBOOK DATA LLC,matchbook data
OR,LEADPOST LLC,leadpost
OR,PACIFIC EAST RESEARCH INC,pacific east research
OR,FOCUS USA,focus usa
OR,CIVIS ANALYTICS INC,civis analytics
OR,WILAND INC,wiland
OR,CISION US INC,cision us
OR,LOOKIFY LLC,lookify
OR,KLOUDEND INC,kloudend
OR,CLAY LABS LLC,clay labs
OR,NEXXA GROUP INC,nexxa group
OR,6SENSE INSIGHTS INC,6sense insights
OR,ZIPSTORM INC,zipstorm
OR,CUSTOMER ASSET CONSULTING GROUP INC,customer asset consulting group
OR,PRIVATE RECORDS LLC,private records
OR,DEMANDBASE INC,demandbase
OR,INFOMATICS LLC,infomatics
OR,WE INFORM LLC,we inform
OR,THE PEOPLE SEARCHERS LLC,the people searchers
OR,TRUTH NOW LLC,truth now
OR,MAGNITE INC,magnite
OR,TRESTLE SOLUTIONS INC,trestle solutions
OR,VENPATH INC,venpath
OR,FINTHRIVE HEALTHCARE INC,finthrive healthcare
OR,TSG HOLDCO LLC,tsg holdco
OR,AFFINITY ANSWERS CORPORATION,affinity answers
OR,MILESTONE MARKETING SOLUTIONS,milestone marketing solutions
OR,COLLECTIVE DATA SOLUTIONS LLC,collective data solutions
OR,CLEARCOMPANY LLC,clearcompany
OR,GRASSROOTS ANALYTICS INC,grassroots analytics
OR,ECONOMIC MODELING LLC,economic modeling
OR,NARVAR INC,narvar
OR,BH MARKETING GROUP LLC,bh marketing group
OR,DATONICS LLC,datonics
OR,REMODELING.COM LLC,remodeling com
OR,33 MILE RADIUS LLC,33 mile radius
OR,KEYWORD CONNECTS LLC,keyword connects
OR,JMR MEDIA CONSULTING INC,jmr media consulting
OR,FOO MONK LLC,foo monk
OR,REDI-DATA INC,redi data
OR,ADVERTISE4SALES INC,advertise4sales
OR,REALEFLOW LLC,realeflow
OR,ALL GOOD MEDIA,all good media
OR,FOURLEAF LLC,fourleaf
OR,UNEARTH CAMPAIGNS LLC,unearth campaigns
OR,WEALTHFEED,wealthfeed
OR,COGNISM INC,cognism
OR,J2 MARTECH CORP,j2 martech
OR,J2 GLOBAL CANADA INC,j2 global canada
OR,LEAD ME MEDIA LLC,lead me media
OR,EXPLORIUM INC,explorium
OR,ZS ASSOCIATES INC,zs associates
OR,WEST PUBLISING CORPORATION,west publising
OR,ACTIVIMPACT LLC,activimpact
OR,33ACROSS INC,33across
OR,EAB GLOBAL INC,eab global
OR,STIRISTA,stirista
OR,RICH MEDIA LLC,rich media
OR,PEEKYOU LLC,peekyou
OR,UPLEAD LLC,uplead
OR,RELPRO INC,relpro
OR,CARDLYTICS INC,cardlytics
OR,TRUE BLUE ANALYTICS LLC,true blue analytics
OR,FIRST MOVERS ADVANTAGE LLC,first movers advantage
OR,AMERICAN SPIRIT DATA SOULTIONS LLC,american spirit data soultions
OR,MONEVO INC,monevo
OR,DATASYS GROUP INC,datasys group
OR,INTENT IQ LLC,intent iq
OR,5X5 US LLC,5x5 us
OR,ALTAIR DATA RESOURCES INC,altair data resources
OR,ZENLEADS INC,zenleads
OR,GREAT LAKES LIST INC,great lakes list
OR,AIDENTIFIED INC,aidentified
OR,CONVEX LABS LLC,convex labs
OR,KOMODO HEALTH INC,komodo health
OR,VIDEOAMP INC,videoamp
OR,APOLLO INTERACTIVE LLC,apollo interactive
OR,CATALINA MARKETING CORPORATION,catalina marketing
OR,REDMOB LLC,redmob
OR,MESSAGE DIGITAL LLC,message digital
OR,SHARE LOCAL MEDIA INC,share local media
OR,DATA DECISIONS GROUP LLC,data decisions group
OR,INFOPAY INC,infopay
OR,FIRST DIRECT INC,first direct
OR,QUAD/GRAPHICS INC,quad graphics
OR,El TORO.COM LLC,el toro com
OR,CRIMSON HEXAGON INC,crimson hexagon
OR,PREQIN INC,preqin
OR,STERLING DATA COMPANY LLC,sterling data company
OR,EXELATE INC,exelate
OR,LIONSHARE MARKETING INC,lionshare marketing
OR,DISCO TECHNOLOGY INC,disco technology
OR,COMPLETE MAILING LISTS LLC,complete mailing lists
OR,FORAGER.AI LLC,forager ai
OR,CDK GLOBAL LLC,cdk global
OR,REKLAIM LTD,reklaim
OR,FREE DATA SERVICES LLC,free data services
OR,FAMILY TREE NOW LLC,family tree now
OR,COMPLETE MEDICAL LISTS INC,complete medical lists
OR,DECISIONLINKS LLC,decisionlinks
OR,CONSUMER CANVAS LLC,consumer canvas
OR,POSSIBLENOW INC,possiblenow
OR,ALTRATA INC,altrata
OR,JDM LIST SERVICES LLC,jdm list services
OR,EMERGES.COM INCORPORATED,emerges com
OR,POSTPILOT INC,postpilot
OR,INSTITUTIONAL SHAREHOLDER SERVICES,institutional shareholder services
OR,DATE DETECTIVE INC,date detective
OR,MEDIA RESOURCE GROUP LLC,media resource group
OR,COMMAND PRECISION INC,command precision
OR,FARADAY INC,faraday
OR,ACRONYMIX LLC,acronymix
OR,PLACEIQ INC,placeiq
OR,RAMPEDUP,rampedup
OR,LOOPME LTD,loopme
OR,VISUAL VISITOR LLC,visual visitor
OR,BDEX LLC,bdex
OR,ADEPT ID INC,adept id
OR,LISTKIT LLC,listkit
OR,THE SEGERDAHL LLC,the segerdahl
OR,MEDPRO SYSTEMS,medpro systems
OR,GENERAL MOTORS LLC,general motors
OR,PROJECT AFFINITY INC,project affinity
OR,TUNNL LLC,tunnl
OR,BUXTON COMPANY LLC,buxton company
OR,01ADVERTISING INC,01advertising
OR,AWL HOLDINGS LLC,awl holdings
OR,BUXTON COMPANY LLC,buxton company
OR,FUSABLE,fusable
OR,GRAZE SOCIAL PBC,graze social pbc
OR,SUMMIT RESOURCES LLC,summit resources
OR,ROCKETREACH LLC,rocketreach
OR,ECONTEXT.AI LIMITED,econtext ai
OR,SHARETHROUGH USA INC,sharethrough usa
OR,BARON APP INC,baron app
OR,BROOKS INTEGRATED MARKETING LLC,brooks integrated marketing
OR,DATAFY LLC,datafy
OR,HELIX CAMPAIGNS LLC,helix campaigns
OR,SWARM HOLDINGS INC,swarm holdings
OR,ACCURATE APPEND INC,accurate append
OR,VISTAR MEDIA INC,vistar media
OR,OPTABLE TECHNOLOGIES US INC,optable technologies us
OR,UPCELL LLC,upcell
OR,AUTOWEB INC,autoweb
OR,BUYERLINK INC,buyerlink
OR,AUDIENCE MIX LLC,audience mix
OR,EFFYIS INC,effyis
OR,IRYS INC,irys
OR,BACHMANITY INC,bachmanity
OR,INFINITE MEDIA CONCEPTS INCORPORATES,infinite media concepts incorporates
OR,BLUE HILL MARKETING SOLUTIONS,blue hill marketing solutions
OR,COLLECTORS DATASTORE LLC,collectors datastore
OR,LIVE DATA TECHNOLOGIES INC,live data technologies
OR,WIZA INC,wiza
OR,PLUG INDUSTRIES,plug industries
OR,ROR PARTNERS LLC,ror partners
OR,INNOVATION BRANDS CORP,innovation brands
OR,CYBBA INC,cybba
OR,NATIONAL OPINION INSTITUTE,national opinion institute
OR,RUSHMORE LABS LLC,rushmore labs
OR,MOBILE TECHNOLOGY CORPORATION,mobile technology
OR,GLOBAL SOURCE DATA SOLUTIONS INC,global source data solutions
OR,IQVIA DIGITAL INC.,iqvia digital
OR,COMMERCE SIGNALS INC,commerce signals
OR,SPY LABS ADCO LLC,spy labs adco
OR,GIGABITE INC,gigabite
OR,TAGIS INC,tagis
OR,OWNCO LLC,ownco
OR,VENNTEL INC,venntel
OR,CONNATIX NATIVE EXCHANGE INC,connatix native exchange
OR,IDMAP INC,idmap
OR,BABEL STREET INC,babel street
OR,ACREMAPS LLC,acremaps
OR,RESPONSE AMERICA DATA INC,response america data
OR,AGILE EDUCATION MARKETING,agile education marketing
OR,NEPTUNE OPS LLC,neptune ops
OR,NACHAL INC,nachal
OR,VIRTUAL MARKETING LLC,virtual marketing
OR,UNACAST INC,unacast
OR,MV DIGITAL GROUP LLC,mv digital group
OR,EXA LABS INC,exa labs
OR,CLARIVATE ANALYTICS (US),clarivate analytics us
OR,CLARITAS LLC,claritas
OR,OPENSEND INC,opensend
OR,OUTWARD MEDIA INC,outward media
OR,NUMLOOKUP LLC,numlookup
OR,ABOVE DATA INC,above data
OR,OWMN LLC,owmn
OR,MOBILEFUSE LLC,mobilefuse
OR,GATHER ANALYTICS LLC,gather analytics
OR,ISPOT.TV,ispot tv
OR,WALLA MEDIA LLC,walla media
OR,CIVIC ELEMENT LLC,civic element
TX,DisplayLogix LLC,displaylogix
TX,Beacon Territory Group LLC,beacon territory group
TX,"Urban Science Applications, Inc.",urban science applications
TX,Nyne.ai Corp,nyne ai
TX,"Vendelux, Inc.",vendelux
TX,Teads Holding Co.,teads holding
TX,Teads Inc.,teads
TX,Veraset LLC,veraset
TX,"Netunim, LLC dba DataShark",netunim dba datashark
TX,"AlikeAudience, INC.",alikeaudience
TX,Scout Data Inc.,scout data
TX,Zeta Global Corp.,zeta global
TX,Dealfront Finland Oy,dealfront finland oy
TX,Dealfront Group GmbH,dealfront group
TX,"HGOnline, LLC",hgonline
TX,"Marriott International, Inc.",marriott international
TX,"Gather Analytics, LLC",gather analytics
TX,"Warmly, Inc.",warmly
TX,MobileFuse LLC,mobilefuse
TX,"Vintory, LLC",vintory
TX,"Dataman Group, Inc",dataman group
TX,Aluum LLC d/b/a Gateway Data,aluum d b a gateway data
TX,"365DataSolutions, LLC",365datasolutions
TX,"USADATA, Inc.",usadata
TX,Factori Technologies Pte Ltd.,factori technologies pte
TX,NFocus Consulting Inc,nfocus consulting
TX,Propbot LLC,propbot
TX,"JG Media, Inc.",jg media
TX,"Neustar IP Intelligence, Inc.",neustar ip intelligence
TX,"Worldwide Information, LLC",worldwide information
TX,"LightBox Parent, L.P.",lightbox parent l p
TX,"Trelize, LLC",trelize
TX,Opensend Inc,opensend
TX,Wednesday LLC,wednesday
TX,"Pen-Link, Ltd.",pen link
TX,Exact Opco LLC,exact opco
TX,JJGarrett Holdings LLC dba Community Impact Printing,jjgarrett holdings dba community impact printing
TX,American Treasury Tax Solutions Inc,american treasury tax solutions
TX,"Walla Media, LLC",walla media
TX,"Datalink Services, Inc.",datalink services
TX,"TRUSTID, Inc.",trustid
TX,"Drivers History Information Sales, LLC",drivers history information sales
TX,iovation Inc.,iovation
TX,"TransUnion Interactive, Inc.",transunion interactive
TX,"Commerce Signals, Inc.",commerce signals
TX,"MarketShare Partners, LLC",marketshare partners
TX,"Crimson Hexagon, Inc",crimson hexagon
TX,Cision US Inc,cision us
TX,LexisNexis Risk Solutions FL Inc.,lexisnexis risk solutions fl
TX,VISTAVIEW REALTY SERVICES LLC,vistaview realty services
TX,"RecruitBot, Inc.",recruitbot
TX,"Becausal, Inc",becausal
TX,Adstra LLC,adstra
TX,"Wiland, INc.",wiland
TX,Neptune Ops LLC,neptune ops
TX,"Neustar Information Services, Inc.",neustar information services
TX,TransUnion Digital LLC,transunion digital
TX,"JMR Media Consulting, Inc.",jmr media consulting
TX,"Revelio Labs, Inc.",revelio labs
TX,"MV Digital Group, LLC  (DBA CinqDI)",mv digital group dba cinqdi
TX,"Accurate Append, Inc.",accurate append
TX,J.D. Power,j d power
TX,"Place Exchange, Inc.",place exchange
TX,"AWL Holdings, LLC",awl holdings
TX,NACHAL INC.,nachal
TX,Convex Labs LLC,convex labs
TX,"INTERACTIVE DATA, LLC",interactive data
TX,"Pipl, Inc.",pipl
TX,"Vi Technologies, Inc.",vi technologies
TX,Connatix Native Exchange Inc.,connatix native exchange
TX,"Venntel, Inc.",venntel
TX,"Unacast, Inc.",unacast
TX,Institute for Police Conduct,institute for police conduct
TX,"Spy Labs AdCo, LLC",spy labs adco
TX,SemantIQ Inc,semantiq
TX,"Inmar Brand Solutions, Inc.",inmar brand solutions
TX,Index Exchange Inc.,index exchange
TX,"EverView Holdco, Inc",everview holdco
TX,"Postie, Inc",postie
TX,"National Opinion Institute, LLC",national opinion institute
TX,"Babel Street, Inc.",babel street
TX,Plug Chargers LLC,plug chargers
TX,Rickenbacher Data LLC,rickenbacher data
TX,"Vistar Media, Inc.",vistar media
TX,Intent IQ LLC,intent iq
TX,"Circana, LLC",circana
TX,"DB SUB, LLC",db sub
TX,IDMAP INC,idmap
TX,Visual Visitor LLC,visual visitor
TX,Global Source Data Solutions Inc,global source data solutions
TX,"IQVIA Digital, Inc.",iqvia digital
TX,Gigabite Inc,gigabite
TX,Outkeep LLC,outkeep
TX,"Aristotle International, Inc.",aristotle international
TX,AggKnowledge Inc.,aggknowledge
TX,"Response America Data, Inc.",response america data
TX,"Key Marketing Advantage, LLC",key marketing advantage
TX,Lara Agency Inc,lara agency
TX,"Digital Viking Media, Inc",digital viking media
TX,Titan Locators,titan locators
TX,TargetSmart Communications LLC,targetsmart communications
TX,CTAM LeadShare Corp,ctam leadshare
TX,Statara Solutions LLC,statara solutions
TX,Analyze Corporation,analyze
TX,Nuwber Inc.,nuwber
TX,"OWMN, LTD.",owmn
TX,"M1 Data & Analytics, LLC",m1 data analytics
TX,"Rushmore Labs, LLC",rushmore labs
TX,Virtual Marketing LLC,virtual marketing
TX,True Blue Analytics LLC,true blue analytics
TX,Irys Inc,irys
TX,Wiza Inc.,wiza
TX,"Outward Media, Inc.",outward media
TX,Collectors Datastore LLC,collectors datastore
TX,Mobile Technology Corporation,mobile technology
TX,"Anteriad, LLC",anteriad
TX,Xcelerated Data LLC,xcelerated data
TX,Optable Technologies US Inc.,optable technologies us
TX,DecisionLinks LLC,decisionlinks
TX,"Collective Data Solutions, LLC",collective data solutions
TX,"ROR Partners, LLC",ror partners
TX,"Allant Group, LLC",allant group
TX,"WealthFeed, Inc.",wealthfeed
TX,"Stirista, LLC",stirista
TX,"Dallas Computer Services, Inc",dallas computer services
TX,NumLookup LLC,numlookup
TX,Innovation Brands Corp,innovation brands
TX,"TRESTLE SOLUTIONS, INC.",trestle solutions
TX,"AtData, LLC",atdata
TX,PublicNSA LLC,publicnsa
TX,"Civis Analytics, Inc.",civis analytics
TX,"HealthLink Dimensions, LLC",healthlink dimensions
TX,Veeva Systems Inc.,veeva systems
TX,"Reveal Mobile, Inc.",reveal mobile
TX,Black Pearl Group Limited,black pearl group
TX,"Freewheel Media, Inc.",freewheel media
TX,"Crunchbase, Inc.",crunchbase
TX,"Demandbase, Inc.",demandbase
TX,Civic Element LLC,civic element
TX,"RampedUp, LLC.",rampedup
TX,VentiveIQ LLC,ventiveiq
TX,VANGUARD AI LLC,vanguard ai
TX,"AutoWeb, Inc.",autoweb
TX,"Lookify, LLC",lookify
TX,"J2 Global Canada, Inc.",j2 global canada
TX,J2 Martech Corp,j2 martech
TX,"Summit Resources, LLC d/b/a Client Command",summit resources d b a client command
TX,"MadHive, Inc",madhive
TX,Cybba Inc,cybba
TX,Realeflow LLC,realeflow
TX,Live Data Technologies Inc.,live data technologies
TX,"Innovative Database Solutions, Inc.",innovative database solutions
TX,The Data Group,the data group
TX,"Matchbook Data, LLC",matchbook data
TX,"Outlogic, LLC",outlogic
TX,GrayHair Software LLC,grayhair software
TX,"33Across, Inc.",33across
TX,Buyerlink Inc.,buyerlink
TX,Explorium Inc.,explorium
TX,"Guidestar Direct, Corp",guidestar direct
TX,Klarifi ApS,klarifi aps
TX,GETEMAILS LLC,getemails
TX,"PostPilot, Inc.",postpilot
TX,Infillion Inc.,infillion
TX,Audience Mix LLC,audience mix
TX,"RESONATE NETWORKS, INC.",resonate networks
TX,"RelPro, Inc.",relpro
TX,Datonics LLC,datonics
TX,"Direct Marketing Solutions, Inc.",direct marketing solutions
TX,Audience Acuity LLC,audience acuity
TX,Lead411 Corporation,lead411
TX,Disco Technology Inc,disco technology
TX,"Buxton Company, LLC",buxton company
TX,Coffee.ai Inc.,coffee ai
TX,"Swarm Holdings, Inc.",swarm holdings
TX,"Brooks Integrated Marketing, LLC",brooks integrated marketing
TX,Bachmanity Inc.,bachmanity
TX,"Command Precision, Inc.",command precision
TX,"InfoPay, Inc",infopay
TX,"VisitorID, LLC",visitorid
TX,"upcell, LLC.",upcell
TX,MarketOps LLC,marketops
TX,Speedeon Data LLC,speedeon data
TX,"Yobi Ventures, Inc.",yobi ventures
TX,"Carry Technologies, Inc",carry technologies
TX,"Giant Partners, Inc.",giant partners
TX,Monevo Inc,monevo
TX,LiveIntent,liveintent
TX,"BDO GCI, LLC",bdo gci
TX,"Clay Labs, LLC",clay labs
TX,Catalina Marketing Corporation,catalina marketing
TX,West Publishing Corporation,west publishing
TX,Cognism Inc.,cognism
TX,"TrueData Solutions, Inc.",truedata solutions
TX,360 Media Direct,360 media direct
TX,eContext.ai Limited,econtext ai
TX,"ZipStorm, Inc.",zipstorm
TX,"Converge Marketing, LLC",converge marketing
TX,DealerDirect LLC,dealerdirect
TX,Knower Tech USA LLC,knower tech usa
TX,"Equation Consulting, LLC",equation consulting
TX,"Steppingblocks, Inc.",steppingblocks
TX,StackAdapt Inc.,stackadapt
TX,"Digital Media Solutions, LLC",digital media solutions
TX,"Elevar, LLC",elevar
TX,Media Resource Group LLC,media resource group
TX,"Adept ID, Inc.",adept id
TX,Leadpsace Inc,leadpsace
TX,Salutary Data LLC.,salutary data
TX,"BH MARKETING GROUP, LLC",bh marketing group
TX,Data Partners Inc.,data partners
TX,"BRIGHT POLICY, LLC",bright policy
TX,DealerX Partners LLC,dealerx partners
TX,"Digital Segment, LLC",digital segment
TX,"Faraday, Inc.",faraday
TX,"iSpot.TV, Inc.",ispot tv
TX,"Orgio, Inc.",orgio
TX,Claritas LLC,claritas
TX,"Cadent, LLC",cadent
TX,"Service Platform, Inc.",service platform
TX,"Juicebox App, Inc.",juicebox app
TX,"TripleLift, Inc.",triplelift
TX,MediaWallah Inc,mediawallah
TX,Graze Social PBC,graze social pbc
TX,Helix Campaigns LLC,helix campaigns
TX,R.L. Polk & Co.,r l polk
TX,"Growing Libraries, LLC",growing libraries
TX,Azira LLC,azira
TX,"Nexxen, Inc.",nexxen
TX,Trans Union LLC,trans union
TX,"TransUnion Risk and Alternative Data Solutions, Inc.",transunion risk and alternative data solutions
TX,"Altair Data Resources, Inc.",altair data resources
TX,ListKit LLC,listkit
TX,"Altrata, Inc.",altrata
TX,"PrivCo Media, LLC",privco media
TX,Acronymix LLC,acronymix
TX,Precisely Software Incorporated,precisely software
TX,"Electronic Voice Services, Inc.",electronic voice services
TX,"People Data Labs, Inc.",people data labs
TX,"PossibleNOW, Inc.",possiblenow
TX,BDEX LLC,bdex
TX,Unearth Campaigns LLC,unearth campaigns
TX,"Ownco, LLC",ownco
TX,"Free Data Services, LLC",free data services
TX,"Commercial Real Estate Exchange, Inc.",commercial real estate exchange
TX,DataDelivers LLC,datadelivers
TX,Redmob Limited Liability Company,redmob liability company
TX,Snovio Inc,snovio
TX,"Consumer Canvas, LLC",consumer canvas
TX,"Family Tree Now, LLC",family tree now
TX,"Leidos Digital Solutions, Inc.",leidos digital solutions
TX,"Tagis, Inc.",tagis
TX,Mississippi Tornado Alley LLC,mississippi tornado alley
TX,"The Nielsen Company, LLC",the nielsen company
TX,"eXelate, Inc.",exelate
TX,"Plunge, LLC",plunge
TX,Similarweb Ltd.,similarweb
TX,"VideoAmp, Inc.",videoamp
TX,"Semcasting, Inc.",semcasting
TX,"Quad/Graphics, Inc",quad graphics
TX,"Data Decisions Group, LLC",data decisions group
TX,"TSG Holdco, LLC",tsg holdco
TX,Reklaim Ltd.,reklaim
TX,01Advertising Inc.,01advertising
TX,Sterling Data Company LLC,sterling data company
TX,"Forager.ai, LLC",forager ai
TX,LeadPost LLC,leadpost
TX,adsquare gmbH,adsquare
TX,Message Digital LLC,message digital
TX,"Narvar, Inc.",narvar
TX,"Aidentified, Inc.",aidentified
TX,"Clearview AI, Inc.",clearview ai
TX,LoopMe Ltd,loopme
TX,"Belardi Wong, ALC, LLC",belardi wong alc
TX,"Dun & Bradstreet, Inc.",dun bradstreet
TX,Anchor Computer Inc.,anchor computer
TX,"Zenleads, Inc.",zenleads
TX,FourLeaf LLC,fourleaf
TX,Affinity Solutions Inc.,affinity solutions
TX,"Rich Media FL, LLC",rich media fl
TX,Redi-Data Inc.,redi data
TX,True Blue Analytics LLC,true blue analytics
TX,Preqin Ltd,preqin
TX,"saleSEER, Inc.",saleseer
TX,Blis Global Ltd,blis global
TX,"Foursquare Labs, Inc.",foursquare labs
TX,"El Toro.com, LLC",el toro com
TX,Uplead LLC,uplead
TX,"ActivImpact, LLC",activimpact
TX,RocketReach LLC,rocketreach
TX,"Datasys Group, Inc.",datasys group
TX,"Kloudend, Inc.",kloudend
TX,"Cognism, Inc.",cognism
TX,Versar Data Solutions Inc,versar data solutions
TX,"Warmly, Inc.",warmly
TX,Choreograph LLC,choreograph
TX,Infinite Media Concepts Inc,infinite media concepts
TX,Complete Mailing Lists LLC,complete mailing lists
TX,Complete Medical Lists Inc,complete medical lists
TX,Data Axle Inc.,data axle
TX,ZoomInfo Technologies LLC,zoominfo technologies
TX,"Datanyze, LLC",datanyze
TX,Clickagy LLC,clickagy
TX,"Peoplefinders, LLC",peoplefinders
TX,"Enformion, LLC",enformion
TX,Property Reach LP,property reach
TX,"Experian Health, Inc.",experian health
TX,"Whitepages, Inc",whitepages
TX,"BeenVerified, LLC",beenverified
TX,"Valassis Communications, Inc., an RRD Company",valassis communications an rrd company
TX,"Nexxa Group, Inc.",nexxa group
TX,PropertyRadar Inc.,propertyradar
TX,AnalyticsIQ Inc,analyticsiq
TX,"Datamentors, LLC",datamentors
TX,"Seamless Contacts, Inc.",seamless contacts
TX,"Epsilon Data Management, LLC",epsilon data management
TX,"Cuebiq Group, LLC",cuebiq group
TX,"Lusha Systems, Inc.",lusha systems
TX,"Aristotle International, Inc.",aristotle international
TX,DataDojo CDP Inc.,datadojo cdp
TX,"EAB Global, Inc",eab global
TX,"Path2Response, LLC",path2response
TX,"Samba TV, Inc.",samba tv
TX,Merkle Inc,merkle
TX,ATTOM Data Solutions LLC,attom data solutions
TX,"The Alesco Group, L.L.C.",the alesco group l l c
TX,"Blackbaud, Inc.",blackbaud
TX,"Compact Information Systems, LLC dba HomeData",compact information systems dba homedata
TX,"Compact Information Systems, LLC d/b/a Deep Sync",compact information systems d b a deep sync
TX,"ASL Marketing, a Deep Sync Property",asl marketing a deep sync property
TX,"Alliant Cooperative Data Solutions, LLC",alliant cooperative data solutions
TX,"AccuData Integrated Marketing, Inc.",accudata integrated marketing
TX,eMerges.com Inc.,emerges com
TX,"Wiland, Inc.",wiland
TX,FIRST ORION CORP.,first orion
TX,"RealSource, Inc",realsource
TX,Focus USA. Inc,focus usa
TX,CTAM LeadShare Corp,ctam leadshare
TX,"Disqus, Inc.",disqus
TX,"CareerBuilder, LLC",careerbuilder
TX,"TechTarget, Inc.",techtarget
TX,Azerion US Inc.,azerion us
TX,US Data Corporation,us data
TX,"PlaceIQ, Inc.",placeiq
TX,"MaxMind, Inc.",maxmind
TX,"Stirista, LLC",stirista
TX,"Austin Consolidated Holdings, Inc.",austin consolidated holdings
TX,IXI Corporation,ixi
TX,"Dataline, Inc.",dataline
TX,Catalist LLC,catalist
TX,"Spokeo, Inc.",spokeo
TX,Digital Viking Media,digital viking media
TX,MediaZod LLC dba LeadZod,mediazod dba leadzod
TX,"Address Clearing House, LLC",address clearing house
TX,Acxiom LLC,acxiom
TX,"Fideo Intelligence, Inc.",fideo intelligence
TX,"FOREWARN, LLC",forewarn
TX,"NextRoll, Inc.",nextroll
TX,"INTERACTIVE DATA, LLC",interactive data
TX,WINR Data B.V.,winr data b v
TX,"LeadIQ, Inc.",leadiq
TX,"RevOptimal, LLC",revoptimal
TX,"Labels & Lists, Inc",labels lists
TX,"Task Genie, Inc.",task genie
TX,"PaeDae, Inc. dba Infillion",paedae dba infillion
TX,"All Web Leads, Inc.",all web leads
TX,"Bridg, a division of Cardlytics, Inc.",bridg a division of cardlytics
TX,"Webbula, LLC",webbula
TX,"6Sense Insights, Inc.",6sense insights
TX,Black Pearl Group Limited,black pearl group
TX,"PubMatic, Inc.",pubmatic
TX,"Digital Segment, LLC",digital segment
TX,"Semasio, Inc.",semasio
TX,EproDirect LLC,eprodirect
TX,"Specialists Marketing Services, Inc.",specialists marketing services
TX,"First Direct, Inc",first direct
TX,"Blue Hill Marketing Solutions, Inc. d/b/a LiftEngine",blue hill marketing solutions d b a liftengine
TX,"Knowledge Works, Inc.",knowledge works
TX,"Lead Intelligence, Inc. D/B/A InfutorData",lead intelligence d b a infutordata
TX,"SheerID, Inc.",sheerid
TX,Equifax Information Services LLC,equifax information services
TX,Amerilist Inc,amerilist
TX,Decide Technologies Inc.,decide technologies
TX,"Simio Cloud, LLC",simio cloud
TX,Magnite Inc,magnite
TX,Heartbeat.ai Inc,heartbeat ai
TX,SWORDFISH AI INC,swordfish ai
TX,"HireTeamMate, Inc. dba hireEZ",hireteammate dba hireez
TX,"I360, LLC",i360
TX,"Experian Information Solutions, Inc.",experian information solutions
TX,"Experian Marketing Solutions, LLC",experian marketing solutions
TX,"LexisNexis, a division of RELX Inc.",lexisnexis a division of relx
TX,Deloitte Consulting LLP,deloitte consulting
TX,"Next Wave Marketing Strategies, Inc",next wave marketing strategies
TX,LiveRamp Holdings Inc.,liveramp holdings
TX,Deloitte Financial Advisory Services LLP,deloitte financial advisory services
TX,HealthWise Data LLC,healthwise data
