license_no|profession_name|license_type_name|full_name|addr_phone|doing_business_as|addr_line_4|license_status_name|expiration_date|
DATA-00009|DFR-Data Broker|Data Broker|Crunchbase Inc|4158492049|Crunchbase|San Francisco CA  94104|Active|12/31/2026 12:00:00 AM|
DATA-00010|DFR-Data Broker|Data Broker|DEALERDIRECT LLC|844-889-7367|FordDirect|Dearborn MI  48126|Active|12/31/2026 12:00:00 AM|
DATA-00011|DFR-Data Broker|Data Broker|Deloitte Consulting LLP|3033053906||new york NY  10112|Active|12/31/2026 12:00:00 AM|
DATA-00012|DFR-Data Broker|Data Broker|HealthWise Data LLC|9088886061|HealthWise Data|Roswell GA  30076|Active|12/31/2026 12:00:00 AM|
DATA-00013|DFR-Data Broker|Data Broker|LEAD INTELLIGENCE INC|8008884776|Verisk Marketing Solutions|JERSEY CITY NJ  07310|Active|12/31/2026 12:00:00 AM|
DATA-00015|DFR-Data Broker|Data Broker|UPS Capital Corporation|4042192593|UPS Capital|atlanta GA  30328|Active|12/31/2026 12:00:00 AM|
DATA-00016|DFR-Data Broker|Data Broker|EXPERIAN MARKETING SOLUTIONS LLC|714-830-7000||costa mesa CA  92626|Active|12/31/2026 12:00:00 AM|
DATA-00017|DFR-Data Broker|Data Broker|EXPERIAN INFORMATION SOLUTIONS INC|714-830-7000||Costa Mesa CA  92626|Active|12/31/2026 12:00:00 AM|
DATA-00018|DFR-Data Broker|Data Broker|EXPERIAN HEALTH INC|7148307000||Costa Mesa CA  92626|Active|12/31/2026 12:00:00 AM|
DATA-00019|DFR-Data Broker|Data Broker|LEXISNEXIS RISK SOLUTIONS FL INC|8882171591|LexisNexis Risk Solutions|Alpharetta GA  30005|Active|12/31/2026 12:00:00 AM|
DATA-00020|DFR-Data Broker|Data Broker|Foursquare Labs Inc|9143559124||San FRAncisco CA  94111|Active|12/31/2026 12:00:00 AM|
DATA-00021|DFR-Data Broker|Data Broker|Compact Information Systems LLC|8889707248|AccuData Integrated Marketing|KIRKLAND WA  98033|Active|12/31/2026 12:00:00 AM|
DATA-00022|DFR-Data Broker|Data Broker|Compact Information Systems LLC|8889707248|ASL Marketing|kirkland WA  98033|Active|12/31/2026 12:00:00 AM|
DATA-00023|DFR-Data Broker|Data Broker|Compact Information Systems LLC|3092218182|Deep Sync|kirkland WA  98033|Active|12/31/2026 12:00:00 AM|
DATA-00024|DFR-Data Broker|Data Broker|Compact Information Systems LLC|8889707248|HomeData|KIRKLAND WA  98033|Active|12/31/2026 12:00:00 AM|
"DATA-00026|DFR-Data Broker|Data Broker|DEFINITIVE HEALTHCARE LLC|8666976461| Populi, LLC|FRAMINGHAM MA  01701|Active|12/31/2026 12:00:00 AM|"
DATA-00028|DFR-Data Broker|Data Broker|MINERVA BI INC|7202266966|Minerva|brooklyn NY  11249|Active|12/31/2026 12:00:00 AM|
DATA-00029|DFR-Data Broker|Data Broker|ACXIOM LLC|5013420356||CONWAY AR  72032|Active|12/31/2026 12:00:00 AM|
DATA-00030|DFR-Data Broker|Data Broker|TRANS UNION LLC|7089680230||Chicago IL  60661|Active|12/31/2026 12:00:00 AM|
DATA-00031|DFR-Data Broker|Data Broker|NEUSTAR INC|7089680230||CHICAGO IL  60661|Active|12/31/2026 12:00:00 AM|
DATA-00032|DFR-Data Broker|Data Broker|Merkle Inc|5085732311||Columbia MD  21046|Active|12/31/2026 12:00:00 AM|
DATA-00034|DFR-Data Broker|Data Broker|BLACKBAUD INC|8436543256||Charleston SC  29492|Active|12/31/2026 12:00:00 AM|
DATA-00036|DFR-Data Broker|Data Broker|LUSHA SYSTEMS INC.|972549220998||Boston MA  02199|Active|12/31/2026 12:00:00 AM|
DATA-00037|DFR-Data Broker|Data Broker|NUWBER INC|8449121292|NO|PORTLAND OR  97239|Active|12/31/2026 12:00:00 AM|
DATA-00039|DFR-Data Broker|Data Broker|BUILDERTREND SOLUTIONS INC|8884157128|Buildertrend|Omaha NE  68137|Active|12/31/2026 12:00:00 AM|
DATA-00040|DFR-Data Broker|Data Broker|THROTLE INC|7322681729||Red Bank NJ  07701|Active|12/31/2026 12:00:00 AM|
DATA-00041|DFR-Data Broker|Data Broker|CHOREOGRAPH LLC|447770965335||NEW york NY  10007|Active|12/31/2026 12:00:00 AM|
DATA-00042|DFR-Data Broker|Data Broker|DUN & BRADSTREET INC|9046486350||Jacksonville FL  32256|Active|12/31/2026 12:00:00 AM|
DATA-00044|DFR-Data Broker|Data Broker|EDVISORS NETWORK INC|8889721010||Las Vegas NV  89145|Active|12/31/2026 12:00:00 AM|
DATA-00045|DFR-Data Broker|Data Broker|INTERACTIVE DATA LLC|888-376-6659||BOCA RATON FL  33431|Active|12/31/2026 12:00:00 AM|
DATA-00046|DFR-Data Broker|Data Broker|PATH2RESPONSE LLC|3039277733|Path2Response|Broomfield CO  80021|Active|12/31/2026 12:00:00 AM|
DATA-00047|DFR-Data Broker|Data Broker|SNOVIO INC|3477050819||Naples FL  34110|Active|12/31/2026 12:00:00 AM|
DATA-00048|DFR-Data Broker|Data Broker|VALASSIS COMMUNICATIONS INC|6303226000||Chicago IL  60606|Active|12/31/2026 12:00:00 AM|
DATA-00049|DFR-Data Broker|Data Broker|PropertyRadar Inc|5305508801||Truckee CA  96161|Active|12/31/2026 12:00:00 AM|
DATA-00050|DFR-Data Broker|Data Broker|JD POWER A CORPORATION OF DELAWARE|8054188000|J.D. Power|Troy MI  48083|Active|12/31/2026 12:00:00 AM|
"DATA-00053|DFR-Data Broker|Data Broker|Spokeo Inc|6263969499|Freepeopledirectory, Thatsthem, peoplewin.|Pasadena CA  91101|Active|12/31/2026 12:00:00 AM|"
DATA-00054|DFR-Data Broker|Data Broker|Connected Investors LLC|8882047501||Agoura Hills CA  91301|Active|12/31/2026 12:00:00 AM|
DATA-00059|DFR-Data Broker|Data Broker|First Orion Corp|5013589391|FIRST ORION CORP|North Little Rock AR  72114|Active|12/31/2026 12:00:00 AM|
DATA-00060|DFR-Data Broker|Data Broker|DIGITAL VIKING MEDIA INC|5032030001|Digital Viking Media Inc|Tustin CA  92780|Active|12/31/2026 12:00:00 AM|
DATA-00061|DFR-Data Broker|Data Broker|PEOPLEFINDERS LLC|8007188997||SACRAMENTO CA  95811|Active|12/31/2026 12:00:00 AM|
DATA-00063|DFR-Data Broker|Data Broker|PROPERTY REACH L.P.|8779090059||SACRAMENTO CA  95811|Active|12/31/2026 12:00:00 AM|
DATA-00064|DFR-Data Broker|Data Broker|EPSILON DATA MANAGEMENT LLC|9703243000||IRVING TX  75039|Active|12/31/2026 12:00:00 AM|
DATA-00065|DFR-Data Broker|Data Broker|ENFORMION LLC|8552813915|Tracers.com; Enformion; Endato.com|Sacramento CA  95811|Active|12/31/2026 12:00:00 AM|
DATA-00066|DFR-Data Broker|Data Broker|People Data Labs Inc|888-868-1028||New York NY  10010|Active|12/31/2026 12:00:00 AM|
DATA-00068|DFR-Data Broker|Data Broker|BEEN VERIFIED LLC|2127380028|www.beenverified.com|New York NY  10018|Active|12/31/2026 12:00:00 AM|
DATA-00069|DFR-Data Broker|Data Broker|TRUTHFINDER LLC|8559213711|TruthFinder|San Francisco CA  94114|Active|12/31/2026 12:00:00 AM|
DATA-00070|DFR-Data Broker|Data Broker|INSTANT CHECKMATE LLC|8775643003|InstantCheckmate.com|San Francisco CA  94114|Active|12/31/2026 12:00:00 AM|
"DATA-00071|DFR-Data Broker|Data Broker|INTELIUS LLC|8775643253|Intelius, US Search & US Search Pro|San Francisco CA  94114|Active|12/31/2026 12:00:00 AM|"
DATA-00072|DFR-Data Broker|Data Broker|LIVERAMP HOLDINGS INC|8889876764||SAN FRANCISCO CA  94105|Active|12/31/2026 12:00:00 AM|
DATA-00073|DFR-Data Broker|Data Broker|M & R STRATEGIC SERVICES INC|2055405533|N/A|WASHINGTON DC  20009|Active|12/31/2026 12:00:00 AM|
DATA-00074|DFR-Data Broker|Data Broker|SOCIAL CATFISH LLC|8444228347||Murrieta CA  92563-2563|Active|12/31/2026 12:00:00 AM|
DATA-00075|DFR-Data Broker|Data Broker|RELX INC|8005436862|LexisNexis|WILMINGTON DE  19801|Active|12/31/2026 12:00:00 AM|
DATA-00076|DFR-Data Broker|Data Broker|ALLIANT COOPERATIVE DATA SOLUTIONS LLC|8456175500||Brewster NY  10509|Active|12/31/2026 12:00:00 AM|
DATA-00077|DFR-Data Broker|Data Broker|ZOOMINFO TECHNOLOGIES LLC|8669049666||Vancouver WA  98660|Active|12/31/2026 12:00:00 AM|
DATA-00078|DFR-Data Broker|Data Broker|SIMIO CLOUD LLC|8666003430||Westminster CO  80021|Active|12/31/2026 12:00:00 AM|
DATA-00081|DFR-Data Broker|Data Broker|ANCHOR COMPUTER INC|6313069336||Melville NY  11747|Active|12/31/2026 12:00:00 AM|
DATA-00082|DFR-Data Broker|Data Broker|S&P GLOBAL INC|2124381000|R.L.POLK & COMPANY|New York NY  10041|Active|12/31/2026 12:00:00 AM|
DATA-00084|DFR-Data Broker|Data Broker|FRAISER LLC|8335101503||Irvine CA  92618|Active|12/31/2026 12:00:00 AM|
"DATA-00087|DFR-Data Broker|Data Broker|DATA AXLE INC|4028363377|Data Axle, Donorbase, Inc.|BELLEVUE NE  68005|Active|12/31/2026 12:00:00 AM|"
DATA-00091|DFR-Data Broker|Data Broker|VEEVA SYSTEMS INC|925-452-6500|Veeva Systems Inc.|Pleasanton CA  94588|Active|12/31/2026 12:00:00 AM|
DATA-00092|DFR-Data Broker|Data Broker|DATAMENTORS LLC|6304135323|Porch Group Media|Wesley Chapel FL  33544|Active|12/31/2026 12:00:00 AM|
DATA-00093|DFR-Data Broker|Data Broker|Deloitte Financial Advisory Services LLP|3033053906|Deloitte Financial Advisory Services LLP|new york NY  10112|Active|12/31/2026 12:00:00 AM|
DATA-00094|DFR-Data Broker|Data Broker|CTAM LEADSHARE CORP|3014858933||WASHINGTON DC  20745|Active|12/31/2026 12:00:00 AM|
DATA-00095|DFR-Data Broker|Data Broker|DATA PARTNERS INC|2392678762||Fort Myers FL  33908|Active|12/31/2026 12:00:00 AM|
DATA-00096|DFR-Data Broker|Data Broker|ANALYTICSIQ INC|8886124309||Atlanta GA  30328|Active|12/31/2026 12:00:00 AM|
DATA-00097|DFR-Data Broker|Data Broker|CLICKAGY LLC|8337371973||Vancouver WA  98660|Active|12/31/2026 12:00:00 AM|
DATA-00098|DFR-Data Broker|Data Broker|DATANYZE LLC|3607185630|Datanyze LLC|Vancouver WA  98660|Active|12/31/2026 12:00:00 AM|
DATA-00099|DFR-Data Broker|Data Broker|DATALINE INC|6094526014||Princeton NJ  08540|Active|12/31/2026 12:00:00 AM|
DATA-00100|DFR-Data Broker|Data Broker|SHEERID INC|5033206614|SheerID|Portland OR  97201|Active|12/31/2026 12:00:00 AM|
DATA-00101|DFR-Data Broker|Data Broker|VERASET LLC|6303737785|Veraset|WILMINGTON DE  19802|Active|12/31/2026 12:00:00 AM|
DATA-00102|DFR-Data Broker|Data Broker|STATARA SOLUTIONS LLC|8882078743||Wilmington DE  19809|Active|12/31/2026 12:00:00 AM|
DATA-00103|DFR-Data Broker|Data Broker|ARISTOTLE INTERNATIONAL INC|2025537303||Washington DC  20003|Active|12/31/2026 12:00:00 AM|
DATA-00105|DFR-Data Broker|Data Broker|HEARTBEAT.AI INC|13323334114||DOVER DE  19901|Active|12/31/2026 12:00:00 AM|
DATA-00106|DFR-Data Broker|Data Broker|DECIDE TECHNOLOGIES INC|8009835280|Decide|Saint Louis MO  63103|Active|12/31/2026 12:00:00 AM|
DATA-00107|DFR-Data Broker|Data Broker|LEAD411 CORPORATION|5055002317||Boulder CO  80304|Active|12/31/2026 12:00:00 AM|
"DATA-00108|DFR-Data Broker|Data Broker|THE ALESCO GROUP LLC|12392777529|RESPONSE SOLUTIONS GROUP LLC, STAT RESORCE GROUP INC|Fort Myers FL  33919|Active|12/31/2026 12:00:00 AM|"
DATA-00110|DFR-Data Broker|Data Broker|FIDEO INTELLIGENCE INC|8883306943||Denver CO  80203|Active|12/31/2026 12:00:00 AM|
DATA-00111|DFR-Data Broker|Data Broker|MELISSA DATA CORPORATOIN|8006354772|Melissa|Rancho Santa Margarita CA  92688|Active|12/31/2026 12:00:00 AM|
DATA-00112|DFR-Data Broker|Data Broker|VERSIUM ANALYTICS INC|8003950164||Redmond WA  98052|Active|12/31/2026 12:00:00 AM|
DATA-00113|DFR-Data Broker|Data Broker|NFOCUS CONSULTING INC|7406545809||Lancaster OH  43130|Active|12/31/2026 12:00:00 AM|
DATA-00115|DFR-Data Broker|Data Broker|AUSTIN CONSOLIDATED HOLDINGS INC|8662956801||Atlanta GA  30309|Active|12/31/2026 12:00:00 AM|
DATA-00118|DFR-Data Broker|Data Broker|IXI CORPORATION|8662956801||Atlanta GA  30309|Active|12/31/2026 12:00:00 AM|
DATA-00119|DFR-Data Broker|Data Broker|KNOWLEDGE WORKS INC|8662956801|PayNet|Atlanta GA  30309|Active|12/31/2026 12:00:00 AM|
DATA-00120|DFR-Data Broker|Data Broker|EQUIFAX INFORMATION SERVICES LLC|8662956801||Atlanta GA  30309|Active|12/31/2026 12:00:00 AM|
DATA-00122|DFR-Data Broker|Data Broker|ANTERIAD LLC|9143681000||New York NY  10573|Active|12/31/2026 12:00:00 AM|
DATA-00123|DFR-Data Broker|Data Broker|SPECIALISTS MARKETING SERVICES INC|2018655800||SADDLE BROOK NJ  07663|Active|12/31/2026 12:00:00 AM|
DATA-00124|DFR-Data Broker|Data Broker|CATALIST LLC|2029627250||Washington DC  20005|Active|12/31/2026 12:00:00 AM|
DATA-00125|DFR-Data Broker|Data Broker|CUEBIQ GROUP LLC|7042086615||New York NY  10036|Active|12/31/2026 12:00:00 AM|
"DATA-00126|DFR-Data Broker|Data Broker|ACH ADDRESS CLEARING HOUSE LLC|3024800432|ACH, Address Clearing House|Lewes DE  19958|Active|12/31/2026 12:00:00 AM|"
DATA-00129|DFR-Data Broker|Data Broker|BLACK PEARL GROUP LLC|6421585892||Wellington|Active|12/31/2026 12:00:00 AM|
DATA-00130|DFR-Data Broker|Data Broker|SEAMLESS CONTACTS INC|6146650450||DUBLIN OH  43016|Active|12/31/2026 12:00:00 AM|
DATA-00131|DFR-Data Broker|Data Broker|US DATA CORPORATION|8184444590|US DATA CORPORATION|AGOURA HILLS CA  91301|Active|12/31/2026 12:00:00 AM|
DATA-00132|DFR-Data Broker|Data Broker|WHITEPAGES INC|2067465409|Whitepages|Seattle WA  98121|Active|12/31/2026 12:00:00 AM|
DATA-00133|DFR-Data Broker|Data Broker|CARRY TECHNOLOGIES INC|3392261809|Hightouch|SAN FRANCISCO CA  94104|Active|12/31/2026 12:00:00 AM|
DATA-00134|DFR-Data Broker|Data Broker|AZIRA LLC|16268897690|Azira LLC|PASADENA CA  91101|Active|12/31/2026 12:00:00 AM|
DATA-00135|DFR-Data Broker|Data Broker|SPEEDEON DATA LLC|8666479219|Speedeon Data LLC|Cleveland OH  44124|Active|12/31/2026 12:00:00 AM|
DATA-00137|DFR-Data Broker|Data Broker|GIANT PARTNERS INC|8052671575|List Giant|Newbury Park CA  91320|Active|12/31/2026 12:00:00 AM|
"DATA-00138|DFR-Data Broker|Data Broker|I360 LLC|8446112737|I360, LLC|Arlington VA  22201|Active|12/31/2026 12:00:00 AM|"
DATA-00142|DFR-Data Broker|Data Broker|WINDFALL DATA INC|4157429660||San Francisco CA  94133|Active|12/31/2026 12:00:00 AM|
DATA-00143|DFR-Data Broker|Data Broker|DTN LLC|8004854000||Bloomington MN  55425|Active|12/31/2026 12:00:00 AM|
DATA-00145|DFR-Data Broker|Data Broker|SEMASIO INC|4154005750||San Francisco CA  94107|Active|12/31/2026 12:00:00 AM|
DATA-00146|DFR-Data Broker|Data Broker|TASK GENIE INC|917-975-4714|DataLane|New York NY  10038|Active|12/31/2026 12:00:00 AM|
DATA-00147|DFR-Data Broker|Data Broker|LEADSPACE INC|8555323772|Leadspace|Palo Alto CA  94301|Active|12/31/2026 12:00:00 AM|
DATA-00148|DFR-Data Broker|Data Broker|PUBLICNSA LLC DBA BIGDBM|3365587717|BIGDBM|Surfside FL  33154|Active|12/31/2026 12:00:00 AM|
DATA-00150|DFR-Data Broker|Data Broker|LABELS & LISTS INC|7322994630||BOTHELL WA  98011|Active|12/31/2026 12:00:00 AM|
"DATA-00151|DFR-Data Broker|Data Broker|MAXMIND INC|6175004493|MaxMind, Inc.|KEIZER OR  97303|Active|12/31/2026 12:00:00 AM|"
DATA-00152|DFR-Data Broker|Data Broker|EREPUBLIC LLC|9169321300|e.Republic LLC|folsom CA  95630|Active|12/31/2026 12:00:00 AM|
DATA-00153|DFR-Data Broker|Data Broker|HIRETEAMMATE INC|8887979291||Mountain View CA  94043|Active|12/31/2026 12:00:00 AM|
DATA-00154|DFR-Data Broker|Data Broker|GUIDESTAR DIRECT CORP|9495815100||Irvine CA  92618|Active|12/31/2026 12:00:00 AM|
DATA-00156|DFR-Data Broker|Data Broker|MEDIAWALLAH INC|9177141616||WILMINGTON DE  19805|Active|12/31/2026 12:00:00 AM|
DATA-00158|DFR-Data Broker|Data Broker|A DIRECT MARKETING INC|8003409790|Bookyourdata|WILMINGTON DE  19801|Active|12/31/2026 12:00:00 AM|
DATA-00159|DFR-Data Broker|Data Broker|ORGIO INC|6462090239|The Org|NEW YORK NY  10038|Active|12/31/2026 12:00:00 AM|
DATA-00160|DFR-Data Broker|Data Broker|TABOOLA INC|7507770593||New York NY  10010|Active|12/31/2026 12:00:00 AM|
DATA-00162|DFR-Data Broker|Data Broker|ATDATA LLC|3322404684||Dedham MA  02026|Active|12/31/2026 12:00:00 AM|
DATA-00163|DFR-Data Broker|Data Broker|REVEAL MOBILE INC|9193061529||RALEIGH NC  27606|Active|12/31/2026 12:00:00 AM|
DATA-00165|DFR-Data Broker|Data Broker|LEADIQ INC|8886532347||REDWOOD CITY CA  94065|Active|12/31/2026 12:00:00 AM|
DATA-00166|DFR-Data Broker|Data Broker|SWORDFISH AI INC|3323334112|Swordfish|Dover DE  19901|Active|12/31/2026 12:00:00 AM|
DATA-00167|DFR-Data Broker|Data Broker|PRECISELY SOFTWARE INCORPORATED|9784368900|Precisely|Burlington MA  01803|Active|12/31/2026 12:00:00 AM|
DATA-00168|DFR-Data Broker|Data Broker|PUBMATIC INC|6503313485||REDWOOD CITY CA  94063|Active|12/31/2026 12:00:00 AM|
DATA-00169|DFR-Data Broker|Data Broker|PIPL INC|9286422480||Post Falls ID  83854|Active|12/31/2026 12:00:00 AM|
DATA-00171|DFR-Data Broker|Data Broker|TECHTARGET INC|6174319200||AUBURNDALE MA  02466|Active|12/31/2026 12:00:00 AM|
"DATA-00172|DFR-Data Broker|Data Broker|EXACT OPCO LLC|5165677435|Exact Opco, LLC (dba Exact Customer)|NEW YORK NY  10018|Active|12/31/2026 12:00:00 AM|"
DATA-00173|DFR-Data Broker|Data Broker|POSTIE INC|8889924935||Austin TX  78746|Active|12/31/2026 12:00:00 AM|
DATA-00175|DFR-Data Broker|Data Broker|DIGITAL MEDIA SOLUTIONS|8772368632||LARGO FL  33771|Active|12/31/2026 12:00:00 AM|
DATA-00176|DFR-Data Broker|Data Broker|AUDIENCE ACUITY INC|9083332933|Audience Acuity|Las Vegas NV  89135|Active|12/31/2026 12:00:00 AM|
DATA-00177|DFR-Data Broker|Data Broker|MOBILEWALLA INC|7704026730|Mobilewalla|Chamblee GA  30341|Active|12/31/2026 12:00:00 AM|
DATA-00178|DFR-Data Broker|Data Broker|STEPPINGBLOCKS INC|4782787622||Atlanta GA  30305|Active|12/31/2026 12:00:00 AM|
DATA-00180|DFR-Data Broker|Data Broker|T-MOBILE USA INC|8009378997||Bellevue WA  98006|Active|12/31/2026 12:00:00 AM|
DATA-00181|DFR-Data Broker|Data Broker|OUTLOGIC LLC|7622280583||PEACHTREE CORNERS GA  30092|Active|12/31/2026 12:00:00 AM|
DATA-00182|DFR-Data Broker|Data Broker|MATCHBOOK DATA LLC|7622280583||Peachtree Corners GA  30092|Active|12/31/2026 12:00:00 AM|
DATA-00183|DFR-Data Broker|Data Broker|LEADPOST LLC|7654649141|LeadPost LLC|SAINT LOUIS MO  63101|Active|12/31/2026 12:00:00 AM|
DATA-00184|DFR-Data Broker|Data Broker|PACIFIC EAST RESEARCH INC|5037474474|PacificEast|Beaverton OR  97008|Active|12/31/2026 12:00:00 AM|
DATA-00187|DFR-Data Broker|Data Broker|FOCUS USA|2014892525|Focus USA|SALEM OR  97301|Active|12/31/2026 12:00:00 AM|
DATA-00188|DFR-Data Broker|Data Broker|CIVIS ANALYTICS INC|3129850173||Chicago IL  60606|Active|12/31/2026 12:00:00 AM|
DATA-00189|DFR-Data Broker|Data Broker|WILAND INC|3034858686||Niwot CO  80503|Active|12/31/2026 12:00:00 AM|
DATA-00190|DFR-Data Broker|Data Broker|CISION US INC|8666395087||CHICAGO IL  60606|Active|12/31/2026 12:00:00 AM|
"DATA-00191|DFR-Data Broker|Data Broker|WEBBULA LLC|8889932285|Webbula, LLC|Wexford PA  15090|Active|12/31/2026 12:00:00 AM|"
"DATA-00192|DFR-Data Broker|Data Broker|ELECTRONIC VOICE SERVICES INC|9727136622|Electronic Voice Services, Inc.|DALLAS TX  75240|Active|12/31/2026 12:00:00 AM|"
DATA-00193|DFR-Data Broker|Data Broker|LOOKIFY LLC|5165193689||PORTLAND OR  97223|Active|12/31/2026 12:00:00 AM|
DATA-00195|DFR-Data Broker|Data Broker|KLOUDEND INC|4085506507||PORTLAND OR  97239|Active|12/31/2026 12:00:00 AM|
DATA-00202|DFR-Data Broker|Data Broker|CLAY LABS LLC|3477629282|Clay|New York NY  10011|Active|12/31/2026 12:00:00 AM|
"DATA-00205|DFR-Data Broker|Data Broker|ZETA GLOBAL CORP|2129675055|DISQUS INC,  LIVEINTENT INC.|New York NY  10016|Active|12/31/2026 12:00:00 AM|"
DATA-00206|DFR-Data Broker|Data Broker|NEXXA GROUP INC|2392251516|NA|Fort Myers FL  33908|Active|12/31/2026 12:00:00 AM|
DATA-00209|DFR-Data Broker|Data Broker|6SENSE INSIGHTS INC|4152129225||San Francisco CA  94105|Active|12/31/2026 12:00:00 AM|
DATA-00210|DFR-Data Broker|Data Broker|ZIPSTORM INC|2064871983||BELLEVUE WA  98004|Active|12/31/2026 12:00:00 AM|
DATA-00211|DFR-Data Broker|Data Broker|CUSTOMER ASSET CONSULTING GROUP INC|6306352400|DataDelivers|SCHAUMBURG IL  60195|Active|12/31/2026 12:00:00 AM|
DATA-00212|DFR-Data Broker|Data Broker|PRIVATE RECORDS LLC|3052096937||TALLAHASSEE FL  32308|Active|12/31/2026 12:00:00 AM|
DATA-00213|DFR-Data Broker|Data Broker|DEMANDBASE INC|4156832660||SAN FRANCISCO CA  94105|Active|12/31/2026 12:00:00 AM|
DATA-00214|DFR-Data Broker|Data Broker|INFOMATICS LLC|5012324022||Sacramento CA  95814|Active|12/31/2026 12:00:00 AM|
DATA-00215|DFR-Data Broker|Data Broker|WE INFORM LLC|5614375788||SAINT PETERSBURG FL  33702|Active|12/31/2026 12:00:00 AM|
DATA-00216|DFR-Data Broker|Data Broker|THE PEOPLE SEARCHERS LLC|5618770862||TALLAHASSEE FL  32301|Active|12/31/2026 12:00:00 AM|
DATA-00217|DFR-Data Broker|Data Broker|TRUTH NOW LLC|2139350507||Sacramento CA  95811|Active|12/31/2026 12:00:00 AM|
"DATA-00218|DFR-Data Broker|Data Broker|MOODYS ANALYTICS INC|2125534614|Moody's Analytics, Inc.|NEW YORK NY  10007|Active|12/31/2026 12:00:00 AM|"
DATA-00220|DFR-Data Broker|Data Broker|MAGNITE INC|2122432769|Magnite|New York NY  10001|Active|12/31/2026 12:00:00 AM|
DATA-00222|DFR-Data Broker|Data Broker|TRESTLE SOLUTIONS INC|2065294827||Beaux Arts WA  98004|Active|12/31/2026 12:00:00 AM|
DATA-00223|DFR-Data Broker|Data Broker|VENPATH INC|2013047887||Long Beach NY  11561|Active|12/31/2026 12:00:00 AM|
DATA-00224|DFR-Data Broker|Data Broker|FINTHRIVE HEALTHCARE INC|8776365442|N/A|Plano TX  75024|Active|12/31/2026 12:00:00 AM|
DATA-00225|DFR-Data Broker|Data Broker|TSG HOLDCO LLC|8558283148|N/A|Plano TX  75024|Active|12/31/2026 12:00:00 AM|
DATA-00226|DFR-Data Broker|Data Broker|AFFINITY ANSWERS CORPORATION|5122228582||Austin TX  78727|Active|12/31/2026 12:00:00 AM|
DATA-00229|DFR-Data Broker|Data Broker|MILESTONE MARKETING SOLUTIONS|6367778231||O FALLON MO  63368|Active|12/31/2026 12:00:00 AM|
DATA-00230|DFR-Data Broker|Data Broker|COLLECTIVE DATA SOLUTIONS LLC|8009056941||Sandpoint ID  83864|Active|12/31/2026 12:00:00 AM|
DATA-00231|DFR-Data Broker|Data Broker|CLEARCOMPANY LLC|6179383801|N/A|Lewiston ME  04240|Active|12/31/2026 12:00:00 AM|
DATA-00232|DFR-Data Broker|Data Broker|GRASSROOTS ANALYTICS INC|6463196699|N/A|Washington DC  20001|Active|12/31/2026 12:00:00 AM|
DATA-00233|DFR-Data Broker|Data Broker|ECONOMIC MODELING LLC|2088833500||Moscow ID  83843|Active|12/31/2026 12:00:00 AM|
DATA-00234|DFR-Data Broker|Data Broker|NARVAR INC|8665280244|Narvar|san mateo CA  94401|Active|12/31/2026 12:00:00 AM|
DATA-00236|DFR-Data Broker|Data Broker|BH MARKETING GROUP LLC|8185747772|US Marketing Group|Ventura CA  93001|Active|12/31/2026 12:00:00 AM|
DATA-00237|DFR-Data Broker|Data Broker|DATONICS LLC|6468670647||long island city NY  11101|Active|12/31/2026 12:00:00 AM|
"DATA-00238|DFR-Data Broker|Data Broker|GETEMAILS LLC|5128256028|Retention.com, RB2B|austin TX  78701|Active|12/31/2026 12:00:00 AM|"
DATA-00240|DFR-Data Broker|Data Broker|REMODELING.COM LLC|6197521955|EverConnect|IRVINE CA  92618|Active|12/31/2026 12:00:00 AM|
DATA-00241|DFR-Data Broker|Data Broker|33 MILE RADIUS LLC|6197521955|EverConnect|IRVINE CA  92618|Active|12/31/2026 12:00:00 AM|
DATA-00242|DFR-Data Broker|Data Broker|KEYWORD CONNECTS LLC|6197521955|EverConnect|SAN DIEGO CA  92618|Active|12/31/2026 12:00:00 AM|
DATA-00243|DFR-Data Broker|Data Broker|JMR MEDIA CONSULTING INC|9542057282|JMR Media|Parkland FL  33076|Active|12/31/2026 12:00:00 AM|
DATA-00244|DFR-Data Broker|Data Broker|FOO MONK LLC|6572428111|Instantly.ai|SALEM OR  97301|Active|12/31/2026 12:00:00 AM|
DATA-00245|DFR-Data Broker|Data Broker|REDI-DATA INC|9732274380|Redi-Data Inc.|Fairfield NJ  07004-2105|Active|12/31/2026 12:00:00 AM|
DATA-00246|DFR-Data Broker|Data Broker|ADVERTISE4SALES INC|8888474437|4LegalLeads|Melbourne FL  32940|Active|12/31/2026 12:00:00 AM|
DATA-00247|DFR-Data Broker|Data Broker|REALEFLOW LLC|8555452095||brunswick OH  44212|Active|12/31/2026 12:00:00 AM|
DATA-00248|DFR-Data Broker|Data Broker|ALL GOOD MEDIA|6179917065|Attribits|SALEM OR  97301|Active|12/31/2026 12:00:00 AM|
DATA-00249|DFR-Data Broker|Data Broker|FOURLEAF LLC|8003606213||PORTLAND OR  97239|Active|12/31/2026 12:00:00 AM|
DATA-00250|DFR-Data Broker|Data Broker|UNEARTH CAMPAIGNS LLC|8554562646||Sacramento CA  95814|Active|12/31/2026 12:00:00 AM|
DATA-00251|DFR-Data Broker|Data Broker|WEALTHFEED|4804405539|WealthFeed|El Segundo CA  90245|Active|12/31/2026 12:00:00 AM|
DATA-00252|DFR-Data Broker|Data Broker|COGNISM INC|6503725001|N/A|Boston MA  02110|Active|12/31/2026 12:00:00 AM|
DATA-00254|DFR-Data Broker|Data Broker|J2 MARTECH CORP|2125033500||New York NY  10010|Active|12/31/2026 12:00:00 AM|
DATA-00255|DFR-Data Broker|Data Broker|J2 GLOBAL CANADA INC|2125033500||Ottawa K1z 8P4|Active|12/31/2026 12:00:00 AM|
DATA-00256|DFR-Data Broker|Data Broker|LEAD ME MEDIA LLC|5615040704||Boca Raton FL  33432-2737|Active|12/31/2026 12:00:00 AM|
DATA-00257|DFR-Data Broker|Data Broker|EXPLORIUM INC|4454563349||Redwood city CA  94063|Active|12/31/2026 12:00:00 AM|
DATA-00258|DFR-Data Broker|Data Broker|ZS ASSOCIATES INC|8474923600||Chicago IL  60654|Active|12/31/2026 12:00:00 AM|
DATA-00259|DFR-Data Broker|Data Broker|WEST PUBLISING CORPORATION|6516877000|West Publishing Corp|SAINT PAUL MN  55121|Active|12/31/2026 12:00:00 AM|
DATA-00260|DFR-Data Broker|Data Broker|ACTIVIMPACT LLC|7074844836|ActivImpact|las VEGAS NV  89119|Active|12/31/2026 12:00:00 AM|
DATA-00261|DFR-Data Broker|Data Broker|33ACROSS INC|8882974094||SALEM OR  97301|Active|12/31/2026 12:00:00 AM|
DATA-00262|DFR-Data Broker|Data Broker|EAB GLOBAL INC|2027471000||WASHINGTON DC  20037|Active|12/31/2026 12:00:00 AM|
DATA-00264|DFR-Data Broker|Data Broker|STIRISTA|2102930029|Stirista|SAN ANTONIO TX  78258|Active|12/31/2026 12:00:00 AM|
DATA-00265|DFR-Data Broker|Data Broker|RICH MEDIA LLC|9542921013||POMPANO BEACH FL  33076|Active|12/31/2026 12:00:00 AM|
DATA-00266|DFR-Data Broker|Data Broker|PEEKYOU LLC|2022460272|PeekYou LLC|Dulles VA  20147|Active|12/31/2026 12:00:00 AM|
DATA-00267|DFR-Data Broker|Data Broker|UPLEAD LLC|8004934084||Walnut CA  91789|Active|12/31/2026 12:00:00 AM|
DATA-00268|DFR-Data Broker|Data Broker|RELPRO INC|8885617890||SHORT HILLS NJ  07078|Active|12/31/2026 12:00:00 AM|
DATA-00270|DFR-Data Broker|Data Broker|CARDLYTICS INC|8887985802||Atlanta GA  30308|Active|12/31/2026 12:00:00 AM|
DATA-00271|DFR-Data Broker|Data Broker|TRUE BLUE ANALYTICS LLC|7735304378||Chicago IL  60645|Active|12/31/2026 12:00:00 AM|
DATA-00272|DFR-Data Broker|Data Broker|FIRST MOVERS ADVANTAGE LLC|3034432070||Boulder CO  80301|Active|12/31/2026 12:00:00 AM|
DATA-00273|DFR-Data Broker|Data Broker|AMERICAN SPIRIT DATA SOULTIONS LLC|6122252307|Aspire North|Eden Prairie MN  55344|Active|12/31/2026 12:00:00 AM|
"DATA-00274|DFR-Data Broker|Data Broker|REVOPTIMAL LLC|5042302388|RevOptimal, LLC|PORTLAND OR  97239|Active|12/31/2026 12:00:00 AM|"
DATA-00275|DFR-Data Broker|Data Broker|MONEVO INC|7089680230||Chicago IL  60661|Active|12/31/2026 12:00:00 AM|
DATA-00277|DFR-Data Broker|Data Broker|DATASYS GROUP INC|9546603556|Datasys|BOCA RATON FL  33487|Active|12/31/2026 12:00:00 AM|
DATA-00278|DFR-Data Broker|Data Broker|INTENT IQ LLC|6462170930|Intent IQ LLC|Long Island City NY  11101|Active|12/31/2026 12:00:00 AM|
DATA-00279|DFR-Data Broker|Data Broker|5X5 US LLC|5085457902|5x5 US LLC|Austin TX  78702|Active|12/31/2026 12:00:00 AM|
DATA-00280|DFR-Data Broker|Data Broker|ALTAIR DATA RESOURCES INC|6154686882||Brentwood TN  37027|Active|12/31/2026 12:00:00 AM|
"DATA-00282|DFR-Data Broker|Data Broker|HEALTHLINK DIMENSIONS LLC|4042503916|HealthLink Dimensions, LLC|Atlanta GA  30319|Active|12/31/2026 12:00:00 AM|"
DATA-00283|DFR-Data Broker|Data Broker|ZENLEADS INC|9252126350|Apollo.io|DOVER DE  19901|Active|12/31/2026 12:00:00 AM|
DATA-00284|DFR-Data Broker|Data Broker|GREAT LAKES LIST INC|8144493280||Erie PA  16508|Active|12/31/2026 12:00:00 AM|
"DATA-00285|DFR-Data Broker|Data Broker|PARAMOUNT LISTS INC|8007235478|Paramount Lists, Inc.|Erie PA  16508|Active|12/31/2026 12:00:00 AM|"
DATA-00287|DFR-Data Broker|Data Broker|AIDENTIFIED INC|5087356011||Concord MA  01742|Active|12/31/2026 12:00:00 AM|
DATA-00288|DFR-Data Broker|Data Broker|CONVEX LABS LLC|8558990970|Convex Labs|gLENDALE CA  91203|Active|12/31/2026 12:00:00 AM|
"DATA-00289|DFR-Data Broker|Data Broker|STACKADAPT INC|6509993764|StackAdapt Inc.|Toronto, Ontario M5J 2J1|Active|12/31/2026 12:00:00 AM|"
DATA-00291|DFR-Data Broker|Data Broker|KOMODO HEALTH INC|9177658795||new york NY  10010|Active|12/31/2026 12:00:00 AM|
DATA-00292|DFR-Data Broker|Data Broker|VIDEOAMP INC|4242727774|N/A|PLAYA VISTA CA  90094|Active|12/31/2026 12:00:00 AM|
DATA-00296|DFR-Data Broker|Data Broker|APOLLO INTERACTIVE LLC|3108369777||El Segundo CA  90245|Active|12/31/2026 12:00:00 AM|
DATA-00299|DFR-Data Broker|Data Broker|CATALINA MARKETING CORPORATION|8133409335|Catalina Marketing|saint petersburg FL  33716|Active|12/31/2026 12:00:00 AM|
DATA-00300|DFR-Data Broker|Data Broker|REDMOB LLC|5039141035|Redmob|dubai|Active|12/31/2026 12:00:00 AM|
"DATA-00301|DFR-Data Broker|Data Broker|BLIS USA, INC.|8664678688|Blis|bellevue WA  98006|Active|12/31/2026 12:00:00 AM|"
DATA-00302|DFR-Data Broker|Data Broker|MESSAGE DIGITAL LLC|5102008316|N/A|Berkeley CA  94704|Active|12/31/2026 12:00:00 AM|
DATA-00305|DFR-Data Broker|Data Broker|SHARE LOCAL MEDIA INC|9045433803||Floor 23 NY  10005|Active|12/31/2026 12:00:00 AM|
DATA-00306|DFR-Data Broker|Data Broker|DATA DECISIONS GROUP LLC|9842753274|Data Decisions Group|Chapel Hill NC  27516|Active|12/31/2026 12:00:00 AM|
DATA-00308|DFR-Data Broker|Data Broker|INFOPAY INC|8003099351||Boston MA  02110|Active|12/31/2026 12:00:00 AM|
DATA-00309|DFR-Data Broker|Data Broker|FIRST DIRECT INC|4024030000|FIRST DIRECT|Bellevue NE  68005|Active|12/31/2026 12:00:00 AM|
DATA-00310|DFR-Data Broker|Data Broker|QUAD/GRAPHICS INC|4145666000|Quad|Sussex WI  53089|Active|12/31/2026 12:00:00 AM|
DATA-00311|DFR-Data Broker|Data Broker|El TORO.COM LLC|5023530390|El Toro.com LLC|Louisville KY  40202|Active|12/31/2026 12:00:00 AM|
DATA-00312|DFR-Data Broker|Data Broker|CRIMSON HEXAGON INC|3128136633||Chicago IL  60606|Active|12/31/2026 12:00:00 AM|
DATA-00313|DFR-Data Broker|Data Broker|PREQIN INC|2399086257||New york NY  10001-2180|Active|12/31/2026 12:00:00 AM|
DATA-00314|DFR-Data Broker|Data Broker|STERLING DATA COMPANY LLC|2027018709||PORTLAND OR  97239|Active|12/31/2026 12:00:00 AM|
DATA-00315|DFR-Data Broker|Data Broker|EXELATE INC|4107177134||New York NY  10010|Active|12/31/2026 12:00:00 AM|
"DATA-00316|DFR-Data Broker|Data Broker|SEMCASTING INC|9786847580|Semcasting, Inc.|NORTH ANDOVER MA  01845|Active|12/31/2026 12:00:00 AM|"
DATA-00317|DFR-Data Broker|Data Broker|LIONSHARE MARKETING INC|9136318400||Lenexa KS  66214|Active|12/31/2026 12:00:00 AM|
DATA-00318|DFR-Data Broker|Data Broker|DISCO TECHNOLOGY INC|6149051661|Disco Technology Inc|San Francisco CA  94114|Active|12/31/2026 12:00:00 AM|
DATA-00319|DFR-Data Broker|Data Broker|COMPLETE MAILING LISTS LLC|9147713120||White Plains NY  10601|Active|12/31/2026 12:00:00 AM|
"DATA-00320|DFR-Data Broker|Data Broker|MISSSISSIPPI TORNADO ALLEY LLC|9167755668|FastPplSearch, USPhonebook, SearchPeopleFree, USA-People-Search,AdvancedBackgroundChecks, SmartBackgroundChecks,CyberBackgroundChecks,|Sacramento CA  95811|Active|12/31/2026 12:00:00 AM|"
DATA-00321|DFR-Data Broker|Data Broker|FORAGER.AI LLC|8182826243||PORTLAND OR  97239|Active|12/31/2026 12:00:00 AM|
DATA-00322|DFR-Data Broker|Data Broker|CDK GLOBAL LLC|3122060352|CDK Global|Austin TX  78758|Active|12/31/2026 12:00:00 AM|
DATA-00323|DFR-Data Broker|Data Broker|REKLAIM LTD|4164603329||portland OR  97239|Active|12/31/2026 12:00:00 AM|
DATA-00324|DFR-Data Broker|Data Broker|FREE DATA SERVICES LLC|8888384803||Sacramento CA  95811|Active|12/31/2026 12:00:00 AM|
DATA-00325|DFR-Data Broker|Data Broker|FAMILY TREE NOW LLC|8778384889||Sacramento CA  95811|Active|12/31/2026 12:00:00 AM|
DATA-00326|DFR-Data Broker|Data Broker|COMPLETE MEDICAL LISTS INC|6038238042||Franconia NH  03580|Active|12/31/2026 12:00:00 AM|
DATA-00327|DFR-Data Broker|Data Broker|DECISIONLINKS LLC|8003432955||Austin TX  78701|Active|12/31/2026 12:00:00 AM|
DATA-00328|DFR-Data Broker|Data Broker|CONSUMER CANVAS LLC|2122405403|CONSUMER CANVAS|chicago IL  60606|Active|12/31/2026 12:00:00 AM|
DATA-00329|DFR-Data Broker|Data Broker|POSSIBLENOW INC|7702551020|N/A|duluth GA  30096|Active|12/31/2026 12:00:00 AM|
DATA-00330|DFR-Data Broker|Data Broker|ALTRATA INC|8773145147||New York NY  10020|Active|12/31/2026 12:00:00 AM|
DATA-00331|DFR-Data Broker|Data Broker|JDM LIST SERVICES LLC|3472130076||New York NY  10026|Active|12/31/2026 12:00:00 AM|
"DATA-00333|DFR-Data Broker|Data Broker|INTENTSIFY LLC|5085457902|Intentsify, LLC|Westwood MA  02090|Active|12/31/2026 12:00:00 AM|"
DATA-00334|DFR-Data Broker|Data Broker|EMERGES.COM INCORPORATED|4103536894|eMerges.com|Annapolis MD  21401|Active|12/31/2026 12:00:00 AM|
DATA-00335|DFR-Data Broker|Data Broker|POSTPILOT INC|5712283365||Spartanburg SC  29303|Active|12/31/2026 12:00:00 AM|
DATA-00336|DFR-Data Broker|Data Broker|INSTITUTIONAL SHAREHOLDER SERVICES|3015560357||Rockville MD  20850|Active|12/31/2026 12:00:00 AM|
DATA-00337|DFR-Data Broker|Data Broker|DATE DETECTIVE INC|3025502202|Date Detective|Dover DE  19901|Active|12/31/2026 12:00:00 AM|
DATA-00338|DFR-Data Broker|Data Broker|MEDIA RESOURCE GROUP LLC|9146495649|Media Resource Group LLC|Naples FL  34109|Active|12/31/2026 12:00:00 AM|
DATA-00339|DFR-Data Broker|Data Broker|COMMAND PRECISION INC|7815529594|Persistent.id|Boston MA  02110|Active|12/31/2026 12:00:00 AM|
DATA-00340|DFR-Data Broker|Data Broker|FARADAY INC|8024580441||Waterbury center VT  05677|Active|12/31/2026 12:00:00 AM|
DATA-00341|DFR-Data Broker|Data Broker|ACRONYMIX LLC|0000000000||BOCA RATON FL  33433|Active|12/31/2026 12:00:00 AM|
"DATA-00342|DFR-Data Broker|Data Broker|MULTIMEDIA LISTS INC|2564685478||Alpharetta, GA GA  30009|Active|12/31/2026 12:00:00 AM|"
DATA-00343|DFR-Data Broker|Data Broker|PLACEIQ INC|9784368900|PlaceIQ|Burlington MA  01803|Active|12/31/2026 12:00:00 AM|
DATA-00344|DFR-Data Broker|Data Broker|RAMPEDUP|8882783433||PORTLAND OR  97239|Active|12/31/2026 12:00:00 AM|
"DATA-00346|DFR-Data Broker|Data Broker|KEY MARKETING ADVANTAGE LLC|2034912200|Key Marketing Advantage, LLC|Newtown CT  06470|Active|12/31/2026 12:00:00 AM|"
DATA-00347|DFR-Data Broker|Data Broker|LOOPME LTD|000000000||New York NY  10003|Active|12/31/2026 12:00:00 AM|
DATA-00348|DFR-Data Broker|Data Broker|VISUAL VISITOR LLC|4049774899|VisualVisitor.com|JACKSONVILLE FL  32256|Active|12/31/2026 12:00:00 AM|
DATA-00349|DFR-Data Broker|Data Broker|BDEX LLC|9174106616||SALEM OR  97301|Active|12/31/2026 12:00:00 AM|
DATA-00350|DFR-Data Broker|Data Broker|ADEPT ID INC|7819154660|AdeptID|Boston MA  02110|Active|12/31/2026 12:00:00 AM|
DATA-00351|DFR-Data Broker|Data Broker|LISTKIT LLC|2727882122||DOVER DE  19901|Active|12/31/2026 12:00:00 AM|
DATA-00352|DFR-Data Broker|Data Broker|THE SEGERDAHL LLC|8475411080|SG360°|Wheeling IL  60090|Active|12/31/2026 12:00:00 AM|
DATA-00354|DFR-Data Broker|Data Broker|MEDPRO SYSTEMS|9733987800|MedPro Systems LLC|MOUNT ARLINGTON NJ  07856|Active|12/31/2026 12:00:00 AM|
"DATA-00355|DFR-Data Broker|Data Broker|DEMAND SCIENCE US LLC|18577701744|Demand Science US, LLC|Danvers MA  01923|Active|12/31/2026 12:00:00 AM|"
DATA-00356|DFR-Data Broker|Data Broker|GENERAL MOTORS LLC|3136654898||DETROIT MI  48265|Active|12/31/2026 12:00:00 AM|
"DATA-00358|DFR-Data Broker|Data Broker|WINR DATA B V|0414523064|WINR Data B.V.|Amsterdam, Netherlands|Active|12/31/2026 12:00:00 AM|"
"DATA-00359|DFR-Data Broker|Data Broker|NEXXEN INC|7188874845|Nexxen, Inc.|REDWOOD CITY CA  94065|Active|12/31/2026 12:00:00 AM|"
"DATA-00361|DFR-Data Broker|Data Broker|LOB.COM INC.|4158949979|Lob.com, Inc.|san francisco CA  94114|Active|12/31/2026 12:00:00 AM|"
"DATA-00362|DFR-Data Broker|Data Broker|LIGHTBOX PARENT LP|9495846204|LightBox Parent, L.P.|Shelton CT  06484|Active|12/31/2026 12:00:00 AM|"
DATA-00363|DFR-Data Broker|Data Broker|PROJECT AFFINITY INC|6282633645|Affinity|SAN FRANCISCO CA  94134|Active|12/31/2026 12:00:00 AM|
DATA-00364|DFR-Data Broker|Data Broker|TUNNL LLC|6189201418||Arlington VA  22201|Active|12/31/2026 12:00:00 AM|
DATA-00365|DFR-Data Broker|Data Broker|BUXTON COMPANY LLC|8173323681||Fort Worth TX  76137|Active|12/31/2026 12:00:00 AM|
DATA-00368|DFR-Data Broker|Data Broker|01ADVERTISING INC|9496099797||LAGUNA NIGUEL CA  92677|Active|12/31/2026 12:00:00 AM|
DATA-00369|DFR-Data Broker|Data Broker|AWL HOLDINGS LLC|8885227355||AUSTIN TX  78729|Active|12/31/2026 12:00:00 AM|
DATA-00370|DFR-Data Broker|Data Broker|BUXTON COMPANY LLC|8173323681||fort worth TX  76137|Active|12/31/2026 12:00:00 AM|
DATA-00371|DFR-Data Broker|Data Broker|FUSABLE|2052481374|Fusable|Tuscaloosa AL  35406|Active|12/31/2026 12:00:00 AM|
DATA-00372|DFR-Data Broker|Data Broker|GRAZE SOCIAL PBC|5033192931||Portland OR  97213|Active|12/31/2026 12:00:00 AM|
DATA-00373|DFR-Data Broker|Data Broker|SUMMIT RESOURCES LLC|7707770122|Client Command|CUMMING GA  30041|Active|12/31/2026 12:00:00 AM|
DATA-00375|DFR-Data Broker|Data Broker|ROCKETREACH LLC|8332123828|No|PORTLAND OR  97239|Active|12/31/2026 12:00:00 AM|
DATA-00376|DFR-Data Broker|Data Broker|ECONTEXT.AI LIMITED|8722152068|Complementics|Chicago IL  60654|Active|12/31/2026 12:00:00 AM|
"DATA-00377|DFR-Data Broker|Data Broker|JUICEBOX APP|4435389591|Juicebox App, Inc.|San Francisco CA  94107|Active|12/31/2026 12:00:00 AM|"
DATA-00378|DFR-Data Broker|Data Broker|SHARETHROUGH USA INC|4383008600|Sharethrough|NEW YORK NY  10018|Active|12/31/2026 12:00:00 AM|
DATA-00379|DFR-Data Broker|Data Broker|BARON APP INC|8557701024||Chicago IL  60607|Active|12/31/2026 12:00:00 AM|
DATA-00380|DFR-Data Broker|Data Broker|BROOKS INTEGRATED MARKETING LLC|8005312601||BONITA SPRINGS FL  34134|Active|12/31/2026 12:00:00 AM|
DATA-00382|DFR-Data Broker|Data Broker|DATAFY LLC|8012526588||OGDEN UT  84403|Active|12/31/2026 12:00:00 AM|
DATA-00383|DFR-Data Broker|Data Broker|HELIX CAMPAIGNS LLC|4435846567|Helix Campaigns LLC|Washington DC  20005|Active|12/31/2026 12:00:00 AM|
"DATA-00384|DFR-Data Broker|Data Broker|TRUEDATA SOLUTIONS INC|4154899252|TrueData Solutions, Inc.|Owasso OK  74055|Active|12/31/2026 12:00:00 AM|"
DATA-00385|DFR-Data Broker|Data Broker|SWARM HOLDINGS INC|4153669903||Montara CA  94037|Active|12/31/2026 12:00:00 AM|
DATA-00387|DFR-Data Broker|Data Broker|ACCURATE APPEND INC|8336634646||Bellevue WA  98004|Active|12/31/2026 12:00:00 AM|
DATA-00388|DFR-Data Broker|Data Broker|VISTAR MEDIA INC|6467807607|Vistar Media Ince.|BELLEVUE WA  98006|Active|12/31/2026 12:00:00 AM|
DATA-00389|DFR-Data Broker|Data Broker|OPTABLE TECHNOLOGIES US INC|4388785517|Optable||Active|12/31/2026 12:00:00 AM|
DATA-00390|DFR-Data Broker|Data Broker|UPCELL LLC|8555257940|upcell|Boston MA  02109|Active|12/31/2026 12:00:00 AM|
DATA-00391|DFR-Data Broker|Data Broker|AUTOWEB INC|9492254500||WALNUT CREEK CA  94596|Active|12/31/2026 12:00:00 AM|
DATA-00392|DFR-Data Broker|Data Broker|BUYERLINK INC|9259833400||WALNUT CREEK CA  94596|Active|12/31/2026 12:00:00 AM|
DATA-00393|DFR-Data Broker|Data Broker|AUDIENCE MIX LLC|9739320245|AudienceMix|Cheyenne WY  82009|Active|12/31/2026 12:00:00 AM|
DATA-00394|DFR-Data Broker|Data Broker|EFFYIS INC|2483186684|Socialgist|Troy MI  48084|Active|12/31/2026 12:00:00 AM|
DATA-00395|DFR-Data Broker|Data Broker|IRYS INC|3199369044||New york NY  10001|Active|12/31/2026 12:00:00 AM|
DATA-00396|DFR-Data Broker|Data Broker|BACHMANITY INC|3178695671|Aviato|Carmel IN  46033|Active|12/31/2026 12:00:00 AM|
DATA-00397|DFR-Data Broker|Data Broker|INFINITE MEDIA CONCEPTS INCORPORATES|9149488300|Mailinglists.com|White plains NY  10601|Active|12/31/2026 12:00:00 AM|
DATA-00398|DFR-Data Broker|Data Broker|BLUE HILL MARKETING SOLUTIONS|2124020171|LiftEngine|Pearl River NY  10965|Active|12/31/2026 12:00:00 AM|
DATA-00399|DFR-Data Broker|Data Broker|COLLECTORS DATASTORE LLC|6303090204||Chicago IL  60654|Active|12/31/2026 12:00:00 AM|
DATA-00400|DFR-Data Broker|Data Broker|LIVE DATA TECHNOLOGIES INC|8055003293||Santa Barbara CA  93101|Active|12/31/2026 12:00:00 AM|
DATA-00401|DFR-Data Broker|Data Broker|WIZA INC|9172320799||New York NY  10001|Active|12/31/2026 12:00:00 AM|
DATA-00402|DFR-Data Broker|Data Broker|PLUG INDUSTRIES|7135153694||Oklahoma City TX  73118|Active|12/31/2026 12:00:00 AM|
DATA-00404|DFR-Data Broker|Data Broker|ROR PARTNERS LLC|7074844836|ROR Partners|Las Vegas NV  89119|Active|12/31/2026 12:00:00 AM|
"DATA-00405|DFR-Data Broker|Data Broker|SYNC.ME LTD.|0505311695||RAMAT GAN, Israel, 525050|Active|12/31/2026 12:00:00 AM|"
DATA-00406|DFR-Data Broker|Data Broker|INNOVATION BRANDS CORP|5099996010|DojoMojo|new york NY  10012|Active|12/31/2026 12:00:00 AM|
DATA-00407|DFR-Data Broker|Data Broker|CYBBA INC|8572847000|Cybba|BOSTON MA  02210|Active|12/31/2026 12:00:00 AM|
"DATA-00408|DFR-Data Broker|Data Broker|TRIPLE LIFT INC|0180076091|TripleLift, Inc.|New York NY  10003|Active|12/31/2026 12:00:00 AM|"
DATA-00409|DFR-Data Broker|Data Broker|NATIONAL OPINION INSTITUTE|8449004722|N/A|WICHITA KS  67220|Active|12/31/2026 12:00:00 AM|
DATA-00411|DFR-Data Broker|Data Broker|RUSHMORE LABS LLC|8446642552|N/A|WICHITA KS  67220|Active|12/31/2026 12:00:00 AM|
DATA-00412|DFR-Data Broker|Data Broker|MOBILE TECHNOLOGY CORPORATION|7206969935|OnSpot Data|CENTENNIAL CO  80112|Active|12/31/2026 12:00:00 AM|
DATA-00413|DFR-Data Broker|Data Broker|GLOBAL SOURCE DATA SOLUTIONS INC|9542707722||FORT LAUDERDALE FL  33308|Active|12/31/2026 12:00:00 AM|
DATA-00415|DFR-Data Broker|Data Broker|IQVIA DIGITAL INC.|8662674479||PARSIPPANY NJ  07054|Active|12/31/2026 12:00:00 AM|
DATA-00416|DFR-Data Broker|Data Broker|COMMERCE SIGNALS INC|7089680230||Chicago IL  60661|Active|12/31/2026 12:00:00 AM|
DATA-00419|DFR-Data Broker|Data Broker|SPY LABS ADCO LLC|8668342579|SpyDialer|Sacramento CA  95811|Active|12/31/2026 12:00:00 AM|
DATA-00420|DFR-Data Broker|Data Broker|GIGABITE INC|4086135720|Boam AI|Miami-FL FL  33127|Active|12/31/2026 12:00:00 AM|
"DATA-00421|DFR-Data Broker|Data Broker|DB SUB, LLC|3157438273|DB SUB, LLC|New Hartford NY  13413|Active|12/31/2026 12:00:00 AM|"
DATA-00422|DFR-Data Broker|Data Broker|TAGIS INC|6502006474|Amplemarket|San Francisco CA  94115|Active|12/31/2026 12:00:00 AM|
DATA-00423|DFR-Data Broker|Data Broker|OWNCO LLC|8887956575|MonitorBase|Cottonwood Heights UT  84047|Active|12/31/2026 12:00:00 AM|
DATA-00424|DFR-Data Broker|Data Broker|VENNTEL INC|8555455623|Venntel|Ashburn VA  20147|Active|12/31/2026 12:00:00 AM|
DATA-00425|DFR-Data Broker|Data Broker|CONNATIX NATIVE EXCHANGE INC|2122440140||NY NY  07030|Active|12/31/2026 12:00:00 AM|
DATA-00426|DFR-Data Broker|Data Broker|IDMAP INC|7757667006||DOVER DE  19901|Active|12/31/2026 12:00:00 AM|
DATA-00427|DFR-Data Broker|Data Broker|BABEL STREET INC|7039563572||RESTON VA  20190|Active|12/31/2026 12:00:00 AM|
DATA-00428|DFR-Data Broker|Data Broker|ACREMAPS LLC|4796162630|Acres|FAYETTEVILLE AR  72701|Active|12/31/2026 12:00:00 AM|
"DATA-00429|DFR-Data Broker|Data Broker|INMAR BRAND SOLUTIONS INC|8007651277|Inmar Brand Solutions, Inc.|Winston-salem NC  27101|Active|12/31/2026 12:00:00 AM|"
DATA-00430|DFR-Data Broker|Data Broker|RESPONSE AMERICA DATA INC|8149359796||altoona PA  16602|Active|12/31/2026 12:00:00 AM|
"DATA-00431|DFR-Data Broker|Data Broker|CIRCANA LLC|3127261221|Circana, LLC|Chicago IL  60601|Active|12/31/2026 12:00:00 AM|"
DATA-00432|DFR-Data Broker|Data Broker|AGILE EDUCATION MARKETING|3035229786||Denver CO  80206|Active|12/31/2026 12:00:00 AM|
DATA-00433|DFR-Data Broker|Data Broker|NEPTUNE OPS LLC|9253936174||Lafayette CA  94549|Active|12/31/2026 12:00:00 AM|
DATA-00434|DFR-Data Broker|Data Broker|NACHAL INC|8002869021|Liminal and iFish Digital and Lead Lure|naples FL  34110|Active|12/31/2026 12:00:00 AM|
DATA-00435|DFR-Data Broker|Data Broker| VIRTUAL MARKETING LLC|8885504864|Fusion92|Chicago IL  60654|Active|12/31/2026 12:00:00 AM|
DATA-00436|DFR-Data Broker|Data Broker|UNACAST INC|8555455623|Unacast|ASHBURN VA  20147|Active|12/31/2026 12:00:00 AM|
"DATA-00437|DFR-Data Broker|Data Broker|PLUNGE, LLC|8447586434||PORTLAND OR  97239|Active|12/31/2026 12:00:00 AM|"
DATA-00438|DFR-Data Broker|Data Broker|MV DIGITAL GROUP LLC|7177520101|CinqDI|New York NY  10007|Active|12/31/2026 12:00:00 AM|
"DATA-00439|DFR-Data Broker|Data Broker|PEN-LINK LTD|4024218857|Pen-Link, Ltd.|Lincoln NE  68516|Active|12/31/2026 12:00:00 AM|"
DATA-00440|DFR-Data Broker|Data Broker|EXA LABS INC|6282503948|Exa|San Francisco CA  94110|Active|12/31/2026 12:00:00 AM|
DATA-00441|DFR-Data Broker|Data Broker|CLARIVATE ANALYTICS (US)|8552585858||ANN ARBOR MI  48108|Active|12/31/2026 12:00:00 AM|
"DATA-00442|DFR-Data Broker|Data Broker|DR/DECISION RESOURCES, LLC|8552585858||ANN ARBOR MI  48108|Active|12/31/2026 12:00:00 AM|"
DATA-00443|DFR-Data Broker|Data Broker|CLARITAS LLC|8889810040||Cincinnati OH  45236|Active|12/31/2026 12:00:00 AM|
DATA-00444|DFR-Data Broker|Data Broker|OPENSEND INC|7025532333|Opensend|LAS VEGAS NV  89128|Active|12/31/2026 12:00:00 AM|
DATA-00445|DFR-Data Broker|Data Broker|OUTWARD MEDIA INC|3102745312||Wst Hollywood CA  90069|Active|12/31/2026 12:00:00 AM|
DATA-00446|DFR-Data Broker|Data Broker|NUMLOOKUP LLC|4088632316|NumLookup.com|Atlanta GA  30327|Active|12/31/2026 12:00:00 AM|
DATA-00447|DFR-Data Broker|Data Broker| ABOVE DATA INC|9372433708|Above Data|San Anselmo CA  94960--111|Active|12/31/2026 12:00:00 AM|
DATA-00448|DFR-Data Broker|Data Broker|OWMN LLC|2129915633||Paramus NJ  07652|Active|12/31/2026 12:00:00 AM|
DATA-00449|DFR-Data Broker|Data Broker|MOBILEFUSE LLC|5164699430||Millington NJ  07946|Active|12/31/2026 12:00:00 AM|
DATA-00450|DFR-Data Broker|Data Broker|GATHER ANALYTICS LLC|8002906826||New York NY  10037|Active|12/31/2026 12:00:00 AM|
DATA-00451|DFR-Data Broker|Data Broker|ISPOT.TV|6464396900||Bellevue WA  98005|Active|12/31/2026 12:00:00 AM|
DATA-00453|DFR-Data Broker|Data Broker|WALLA MEDIA LLC|8184443006||Eugene OR  97402|Active|12/31/2026 12:00:00 AM|
DATA-00454|DFR-Data Broker|Data Broker|CIVIC ELEMENT LLC|8884176553||GRAND RAPIDS MI  49506|Active|12/31/2026 12:00:00 AM|
